ISO-10303-21;
HEADER;
/* Generated by software containing ST-Developer
 * from STEP Tools, Inc. (www.steptools.com) 
 */

FILE_DESCRIPTION(
/* description */ (''),
/* implementation_level */ '2;1');

FILE_NAME(
/* name */ 'SwimResp_enclosure_cover.step',
/* time_stamp */ '2026-07-28T01:40:03+03:00',
/* author */ (''),
/* organization */ (''),
/* preprocessor_version */ 'ST-DEVELOPER v20.1',
/* originating_system */ 'Autodesk Translation Framework v15.8.0.0',
/* authorisation */ '');

FILE_SCHEMA (('AUTOMOTIVE_DESIGN { 1 0 10303 214 3 1 1 }'));
ENDSEC;

DATA;
#10=MECHANICAL_DESIGN_GEOMETRIC_PRESENTATION_REPRESENTATION('',(#13),#3570);
#11=SHAPE_REPRESENTATION_RELATIONSHIP('SRR','None',#3577,#12);
#12=ADVANCED_BREP_SHAPE_REPRESENTATION('',(#14),#3569);
#13=STYLED_ITEM('',(#3586),#14);
#14=MANIFOLD_SOLID_BREP('Body1',#2058);
#15=FACE_BOUND('',#349,.T.);
#16=FACE_BOUND('',#351,.T.);
#17=FACE_BOUND('',#352,.T.);
#18=FACE_BOUND('',#353,.T.);
#19=FACE_BOUND('',#354,.T.);
#20=FACE_BOUND('',#355,.T.);
#21=FACE_BOUND('',#356,.T.);
#22=FACE_BOUND('',#357,.T.);
#23=FACE_BOUND('',#358,.T.);
#24=FACE_BOUND('',#359,.T.);
#25=FACE_BOUND('',#360,.T.);
#26=FACE_BOUND('',#364,.T.);
#27=FACE_BOUND('',#365,.T.);
#28=FACE_BOUND('',#366,.T.);
#29=FACE_BOUND('',#367,.T.);
#30=FACE_BOUND('',#375,.T.);
#31=PLANE('',#2099);
#32=PLANE('',#2103);
#33=PLANE('',#2110);
#34=PLANE('',#2111);
#35=PLANE('',#2112);
#36=PLANE('',#2116);
#37=PLANE('',#2123);
#38=PLANE('',#2127);
#39=PLANE('',#2134);
#40=PLANE('',#2135);
#41=PLANE('',#2136);
#42=PLANE('',#2143);
#43=PLANE('',#2147);
#44=PLANE('',#2156);
#45=PLANE('',#2163);
#46=PLANE('',#2167);
#47=PLANE('',#2171);
#48=PLANE('',#2178);
#49=PLANE('',#2185);
#50=PLANE('',#2189);
#51=PLANE('',#2193);
#52=PLANE('',#2200);
#53=PLANE('',#2207);
#54=PLANE('',#2211);
#55=PLANE('',#2215);
#56=PLANE('',#2222);
#57=PLANE('',#2229);
#58=PLANE('',#2233);
#59=PLANE('',#2237);
#60=PLANE('',#2244);
#61=PLANE('',#2245);
#62=PLANE('',#2249);
#63=PLANE('',#2253);
#64=PLANE('',#2260);
#65=PLANE('',#2267);
#66=PLANE('',#2271);
#67=PLANE('',#2275);
#68=PLANE('',#2282);
#69=PLANE('',#2289);
#70=PLANE('',#2290);
#71=PLANE('',#2297);
#72=PLANE('',#2298);
#73=PLANE('',#2303);
#74=PLANE('',#2306);
#75=PLANE('',#2307);
#76=PLANE('',#2308);
#77=CYLINDRICAL_SURFACE('',#2076,2.5);
#78=CYLINDRICAL_SURFACE('',#2082,2.5);
#79=CYLINDRICAL_SURFACE('',#2088,2.5);
#80=CYLINDRICAL_SURFACE('',#2094,2.5);
#81=CYLINDRICAL_SURFACE('',#2096,0.999999999999996);
#82=CYLINDRICAL_SURFACE('',#2100,6.04364241039744);
#83=CYLINDRICAL_SURFACE('',#2104,2.99999999999992);
#84=CYLINDRICAL_SURFACE('',#2107,6.66604984430638);
#85=CYLINDRICAL_SURFACE('',#2113,6.04364241039745);
#86=CYLINDRICAL_SURFACE('',#2117,6.66604984430637);
#87=CYLINDRICAL_SURFACE('',#2120,2.99999999999997);
#88=CYLINDRICAL_SURFACE('',#2124,6.04364241039744);
#89=CYLINDRICAL_SURFACE('',#2128,6.66604984430637);
#90=CYLINDRICAL_SURFACE('',#2131,2.99999999999997);
#91=CYLINDRICAL_SURFACE('',#2137,2.99999999999992);
#92=CYLINDRICAL_SURFACE('',#2140,6.66604984430638);
#93=CYLINDRICAL_SURFACE('',#2144,6.04364241039744);
#94=CYLINDRICAL_SURFACE('',#2148,4.);
#95=CYLINDRICAL_SURFACE('',#2150,4.);
#96=CYLINDRICAL_SURFACE('',#2152,4.);
#97=CYLINDRICAL_SURFACE('',#2154,4.);
#98=CYLINDRICAL_SURFACE('',#2157,3.00000000000002);
#99=CYLINDRICAL_SURFACE('',#2160,5.99999999999997);
#100=CYLINDRICAL_SURFACE('',#2164,3.00000000000003);
#101=CYLINDRICAL_SURFACE('',#2168,2.99999999999999);
#102=CYLINDRICAL_SURFACE('',#2172,5.99999999999996);
#103=CYLINDRICAL_SURFACE('',#2175,3.00000000000002);
#104=CYLINDRICAL_SURFACE('',#2179,3.00000000000002);
#105=CYLINDRICAL_SURFACE('',#2182,5.99999999999997);
#106=CYLINDRICAL_SURFACE('',#2186,3.00000000000002);
#107=CYLINDRICAL_SURFACE('',#2190,3.00000000000002);
#108=CYLINDRICAL_SURFACE('',#2194,5.99999999999996);
#109=CYLINDRICAL_SURFACE('',#2197,3.00000000000002);
#110=CYLINDRICAL_SURFACE('',#2201,4.00000000000002);
#111=CYLINDRICAL_SURFACE('',#2204,5.00000000000004);
#112=CYLINDRICAL_SURFACE('',#2208,4.00000000000002);
#113=CYLINDRICAL_SURFACE('',#2212,3.99999999999999);
#114=CYLINDRICAL_SURFACE('',#2216,4.99999999999998);
#115=CYLINDRICAL_SURFACE('',#2219,4.00000000000002);
#116=CYLINDRICAL_SURFACE('',#2223,4.);
#117=CYLINDRICAL_SURFACE('',#2226,5.);
#118=CYLINDRICAL_SURFACE('',#2230,4.);
#119=CYLINDRICAL_SURFACE('',#2234,4.00000000000004);
#120=CYLINDRICAL_SURFACE('',#2238,4.99999999999998);
#121=CYLINDRICAL_SURFACE('',#2241,3.99999999999999);
#122=CYLINDRICAL_SURFACE('',#2246,5.);
#123=CYLINDRICAL_SURFACE('',#2250,5.);
#124=CYLINDRICAL_SURFACE('',#2254,4.00000000000004);
#125=CYLINDRICAL_SURFACE('',#2257,5.);
#126=CYLINDRICAL_SURFACE('',#2261,5.);
#127=CYLINDRICAL_SURFACE('',#2264,4.);
#128=CYLINDRICAL_SURFACE('',#2268,5.);
#129=CYLINDRICAL_SURFACE('',#2272,5.);
#130=CYLINDRICAL_SURFACE('',#2276,4.00000000000002);
#131=CYLINDRICAL_SURFACE('',#2279,5.);
#132=CYLINDRICAL_SURFACE('',#2283,5.);
#133=CYLINDRICAL_SURFACE('',#2286,4.);
#134=CYLINDRICAL_SURFACE('',#2295,6.);
#135=CYLINDRICAL_SURFACE('',#2302,6.);
#136=CYLINDRICAL_SURFACE('',#2304,6.);
#137=CYLINDRICAL_SURFACE('',#2305,6.);
#138=FACE_OUTER_BOUND('',#249,.T.);
#139=FACE_OUTER_BOUND('',#250,.T.);
#140=FACE_OUTER_BOUND('',#251,.T.);
#141=FACE_OUTER_BOUND('',#252,.T.);
#142=FACE_OUTER_BOUND('',#253,.T.);
#143=FACE_OUTER_BOUND('',#254,.T.);
#144=FACE_OUTER_BOUND('',#255,.T.);
#145=FACE_OUTER_BOUND('',#256,.T.);
#146=FACE_OUTER_BOUND('',#257,.T.);
#147=FACE_OUTER_BOUND('',#258,.T.);
#148=FACE_OUTER_BOUND('',#259,.T.);
#149=FACE_OUTER_BOUND('',#260,.T.);
#150=FACE_OUTER_BOUND('',#261,.T.);
#151=FACE_OUTER_BOUND('',#262,.T.);
#152=FACE_OUTER_BOUND('',#263,.T.);
#153=FACE_OUTER_BOUND('',#264,.T.);
#154=FACE_OUTER_BOUND('',#265,.T.);
#155=FACE_OUTER_BOUND('',#266,.T.);
#156=FACE_OUTER_BOUND('',#267,.T.);
#157=FACE_OUTER_BOUND('',#268,.T.);
#158=FACE_OUTER_BOUND('',#269,.T.);
#159=FACE_OUTER_BOUND('',#270,.T.);
#160=FACE_OUTER_BOUND('',#271,.T.);
#161=FACE_OUTER_BOUND('',#272,.T.);
#162=FACE_OUTER_BOUND('',#273,.T.);
#163=FACE_OUTER_BOUND('',#274,.T.);
#164=FACE_OUTER_BOUND('',#275,.T.);
#165=FACE_OUTER_BOUND('',#276,.T.);
#166=FACE_OUTER_BOUND('',#277,.T.);
#167=FACE_OUTER_BOUND('',#278,.T.);
#168=FACE_OUTER_BOUND('',#279,.T.);
#169=FACE_OUTER_BOUND('',#280,.T.);
#170=FACE_OUTER_BOUND('',#281,.T.);
#171=FACE_OUTER_BOUND('',#282,.T.);
#172=FACE_OUTER_BOUND('',#283,.T.);
#173=FACE_OUTER_BOUND('',#284,.T.);
#174=FACE_OUTER_BOUND('',#285,.T.);
#175=FACE_OUTER_BOUND('',#286,.T.);
#176=FACE_OUTER_BOUND('',#287,.T.);
#177=FACE_OUTER_BOUND('',#288,.T.);
#178=FACE_OUTER_BOUND('',#289,.T.);
#179=FACE_OUTER_BOUND('',#290,.T.);
#180=FACE_OUTER_BOUND('',#291,.T.);
#181=FACE_OUTER_BOUND('',#292,.T.);
#182=FACE_OUTER_BOUND('',#293,.T.);
#183=FACE_OUTER_BOUND('',#294,.T.);
#184=FACE_OUTER_BOUND('',#295,.T.);
#185=FACE_OUTER_BOUND('',#296,.T.);
#186=FACE_OUTER_BOUND('',#297,.T.);
#187=FACE_OUTER_BOUND('',#298,.T.);
#188=FACE_OUTER_BOUND('',#299,.T.);
#189=FACE_OUTER_BOUND('',#300,.T.);
#190=FACE_OUTER_BOUND('',#301,.T.);
#191=FACE_OUTER_BOUND('',#302,.T.);
#192=FACE_OUTER_BOUND('',#303,.T.);
#193=FACE_OUTER_BOUND('',#304,.T.);
#194=FACE_OUTER_BOUND('',#305,.T.);
#195=FACE_OUTER_BOUND('',#306,.T.);
#196=FACE_OUTER_BOUND('',#307,.T.);
#197=FACE_OUTER_BOUND('',#308,.T.);
#198=FACE_OUTER_BOUND('',#309,.T.);
#199=FACE_OUTER_BOUND('',#310,.T.);
#200=FACE_OUTER_BOUND('',#311,.T.);
#201=FACE_OUTER_BOUND('',#312,.T.);
#202=FACE_OUTER_BOUND('',#313,.T.);
#203=FACE_OUTER_BOUND('',#314,.T.);
#204=FACE_OUTER_BOUND('',#315,.T.);
#205=FACE_OUTER_BOUND('',#316,.T.);
#206=FACE_OUTER_BOUND('',#317,.T.);
#207=FACE_OUTER_BOUND('',#318,.T.);
#208=FACE_OUTER_BOUND('',#319,.T.);
#209=FACE_OUTER_BOUND('',#320,.T.);
#210=FACE_OUTER_BOUND('',#321,.T.);
#211=FACE_OUTER_BOUND('',#322,.T.);
#212=FACE_OUTER_BOUND('',#323,.T.);
#213=FACE_OUTER_BOUND('',#324,.T.);
#214=FACE_OUTER_BOUND('',#325,.T.);
#215=FACE_OUTER_BOUND('',#326,.T.);
#216=FACE_OUTER_BOUND('',#327,.T.);
#217=FACE_OUTER_BOUND('',#328,.T.);
#218=FACE_OUTER_BOUND('',#329,.T.);
#219=FACE_OUTER_BOUND('',#330,.T.);
#220=FACE_OUTER_BOUND('',#331,.T.);
#221=FACE_OUTER_BOUND('',#332,.T.);
#222=FACE_OUTER_BOUND('',#333,.T.);
#223=FACE_OUTER_BOUND('',#334,.T.);
#224=FACE_OUTER_BOUND('',#335,.T.);
#225=FACE_OUTER_BOUND('',#336,.T.);
#226=FACE_OUTER_BOUND('',#337,.T.);
#227=FACE_OUTER_BOUND('',#338,.T.);
#228=FACE_OUTER_BOUND('',#339,.T.);
#229=FACE_OUTER_BOUND('',#340,.T.);
#230=FACE_OUTER_BOUND('',#341,.T.);
#231=FACE_OUTER_BOUND('',#342,.T.);
#232=FACE_OUTER_BOUND('',#343,.T.);
#233=FACE_OUTER_BOUND('',#344,.T.);
#234=FACE_OUTER_BOUND('',#345,.T.);
#235=FACE_OUTER_BOUND('',#346,.T.);
#236=FACE_OUTER_BOUND('',#347,.T.);
#237=FACE_OUTER_BOUND('',#348,.T.);
#238=FACE_OUTER_BOUND('',#350,.T.);
#239=FACE_OUTER_BOUND('',#361,.T.);
#240=FACE_OUTER_BOUND('',#362,.T.);
#241=FACE_OUTER_BOUND('',#363,.T.);
#242=FACE_OUTER_BOUND('',#368,.T.);
#243=FACE_OUTER_BOUND('',#369,.T.);
#244=FACE_OUTER_BOUND('',#370,.T.);
#245=FACE_OUTER_BOUND('',#371,.T.);
#246=FACE_OUTER_BOUND('',#372,.T.);
#247=FACE_OUTER_BOUND('',#373,.T.);
#248=FACE_OUTER_BOUND('',#374,.T.);
#249=EDGE_LOOP('',(#1345,#1346,#1347,#1348,#1349));
#250=EDGE_LOOP('',(#1350,#1351,#1352,#1353,#1354));
#251=EDGE_LOOP('',(#1355,#1356,#1357,#1358,#1359));
#252=EDGE_LOOP('',(#1360,#1361,#1362,#1363,#1364));
#253=EDGE_LOOP('',(#1365,#1366,#1367,#1368,#1369));
#254=EDGE_LOOP('',(#1370,#1371,#1372,#1373,#1374));
#255=EDGE_LOOP('',(#1375,#1376,#1377,#1378,#1379));
#256=EDGE_LOOP('',(#1380,#1381,#1382,#1383,#1384));
#257=EDGE_LOOP('',(#1385,#1386,#1387,#1388));
#258=EDGE_LOOP('',(#1389));
#259=EDGE_LOOP('',(#1390,#1391,#1392,#1393));
#260=EDGE_LOOP('',(#1394,#1395,#1396,#1397));
#261=EDGE_LOOP('',(#1398,#1399,#1400,#1401));
#262=EDGE_LOOP('',(#1402,#1403,#1404,#1405));
#263=EDGE_LOOP('',(#1406,#1407,#1408,#1409));
#264=EDGE_LOOP('',(#1410,#1411,#1412,#1413,#1414));
#265=EDGE_LOOP('',(#1415,#1416,#1417,#1418));
#266=EDGE_LOOP('',(#1419,#1420,#1421,#1422));
#267=EDGE_LOOP('',(#1423,#1424,#1425,#1426));
#268=EDGE_LOOP('',(#1427,#1428,#1429,#1430));
#269=EDGE_LOOP('',(#1431,#1432,#1433,#1434));
#270=EDGE_LOOP('',(#1435,#1436,#1437,#1438,#1439));
#271=EDGE_LOOP('',(#1440,#1441,#1442,#1443));
#272=EDGE_LOOP('',(#1444,#1445,#1446,#1447));
#273=EDGE_LOOP('',(#1448,#1449,#1450,#1451));
#274=EDGE_LOOP('',(#1452,#1453,#1454,#1455));
#275=EDGE_LOOP('',(#1456,#1457,#1458,#1459));
#276=EDGE_LOOP('',(#1460,#1461,#1462,#1463,#1464));
#277=EDGE_LOOP('',(#1465,#1466,#1467,#1468));
#278=EDGE_LOOP('',(#1469,#1470,#1471,#1472));
#279=EDGE_LOOP('',(#1473,#1474,#1475,#1476));
#280=EDGE_LOOP('',(#1477,#1478,#1479,#1480));
#281=EDGE_LOOP('',(#1481,#1482,#1483,#1484));
#282=EDGE_LOOP('',(#1485,#1486,#1487,#1488,#1489));
#283=EDGE_LOOP('',(#1490,#1491,#1492,#1493));
#284=EDGE_LOOP('',(#1494,#1495,#1496,#1497));
#285=EDGE_LOOP('',(#1498,#1499,#1500,#1501));
#286=EDGE_LOOP('',(#1502,#1503,#1504,#1505));
#287=EDGE_LOOP('',(#1506,#1507,#1508,#1509));
#288=EDGE_LOOP('',(#1510,#1511,#1512,#1513));
#289=EDGE_LOOP('',(#1514,#1515,#1516,#1517));
#290=EDGE_LOOP('',(#1518,#1519,#1520,#1521));
#291=EDGE_LOOP('',(#1522,#1523,#1524,#1525));
#292=EDGE_LOOP('',(#1526,#1527,#1528,#1529));
#293=EDGE_LOOP('',(#1530,#1531,#1532,#1533));
#294=EDGE_LOOP('',(#1534,#1535,#1536,#1537));
#295=EDGE_LOOP('',(#1538,#1539,#1540,#1541));
#296=EDGE_LOOP('',(#1542,#1543,#1544,#1545));
#297=EDGE_LOOP('',(#1546,#1547,#1548,#1549));
#298=EDGE_LOOP('',(#1550,#1551,#1552,#1553));
#299=EDGE_LOOP('',(#1554,#1555,#1556,#1557));
#300=EDGE_LOOP('',(#1558,#1559,#1560,#1561));
#301=EDGE_LOOP('',(#1562,#1563,#1564,#1565));
#302=EDGE_LOOP('',(#1566,#1567,#1568,#1569));
#303=EDGE_LOOP('',(#1570,#1571,#1572,#1573));
#304=EDGE_LOOP('',(#1574,#1575,#1576,#1577));
#305=EDGE_LOOP('',(#1578,#1579,#1580,#1581));
#306=EDGE_LOOP('',(#1582,#1583,#1584,#1585));
#307=EDGE_LOOP('',(#1586,#1587,#1588,#1589,#1590,#1591,#1592,#1593,#1594,
#1595,#1596,#1597,#1598,#1599,#1600,#1601,#1602,#1603,#1604,#1605));
#308=EDGE_LOOP('',(#1606,#1607,#1608,#1609));
#309=EDGE_LOOP('',(#1610,#1611,#1612,#1613));
#310=EDGE_LOOP('',(#1614,#1615,#1616,#1617));
#311=EDGE_LOOP('',(#1618,#1619,#1620,#1621));
#312=EDGE_LOOP('',(#1622,#1623,#1624,#1625));
#313=EDGE_LOOP('',(#1626,#1627,#1628,#1629));
#314=EDGE_LOOP('',(#1630,#1631,#1632,#1633));
#315=EDGE_LOOP('',(#1634,#1635,#1636,#1637));
#316=EDGE_LOOP('',(#1638,#1639,#1640,#1641));
#317=EDGE_LOOP('',(#1642,#1643,#1644,#1645));
#318=EDGE_LOOP('',(#1646,#1647,#1648,#1649));
#319=EDGE_LOOP('',(#1650,#1651,#1652,#1653));
#320=EDGE_LOOP('',(#1654,#1655,#1656,#1657));
#321=EDGE_LOOP('',(#1658,#1659,#1660,#1661));
#322=EDGE_LOOP('',(#1662,#1663,#1664,#1665));
#323=EDGE_LOOP('',(#1666,#1667,#1668,#1669));
#324=EDGE_LOOP('',(#1670,#1671,#1672,#1673));
#325=EDGE_LOOP('',(#1674,#1675,#1676,#1677));
#326=EDGE_LOOP('',(#1678,#1679,#1680,#1681));
#327=EDGE_LOOP('',(#1682,#1683,#1684,#1685));
#328=EDGE_LOOP('',(#1686,#1687,#1688,#1689));
#329=EDGE_LOOP('',(#1690,#1691,#1692,#1693));
#330=EDGE_LOOP('',(#1694,#1695,#1696,#1697));
#331=EDGE_LOOP('',(#1698,#1699,#1700,#1701));
#332=EDGE_LOOP('',(#1702,#1703,#1704,#1705));
#333=EDGE_LOOP('',(#1706,#1707,#1708,#1709));
#334=EDGE_LOOP('',(#1710,#1711,#1712,#1713));
#335=EDGE_LOOP('',(#1714,#1715,#1716,#1717));
#336=EDGE_LOOP('',(#1718,#1719,#1720,#1721));
#337=EDGE_LOOP('',(#1722,#1723,#1724,#1725));
#338=EDGE_LOOP('',(#1726,#1727,#1728,#1729));
#339=EDGE_LOOP('',(#1730,#1731,#1732,#1733));
#340=EDGE_LOOP('',(#1734,#1735,#1736,#1737));
#341=EDGE_LOOP('',(#1738,#1739,#1740,#1741));
#342=EDGE_LOOP('',(#1742,#1743,#1744,#1745));
#343=EDGE_LOOP('',(#1746,#1747,#1748,#1749));
#344=EDGE_LOOP('',(#1750,#1751,#1752,#1753));
#345=EDGE_LOOP('',(#1754,#1755,#1756,#1757));
#346=EDGE_LOOP('',(#1758,#1759,#1760,#1761));
#347=EDGE_LOOP('',(#1762,#1763,#1764,#1765));
#348=EDGE_LOOP('',(#1766,#1767,#1768,#1769,#1770,#1771,#1772,#1773,#1774,
#1775,#1776,#1777,#1778,#1779,#1780,#1781,#1782,#1783,#1784,#1785));
#349=EDGE_LOOP('',(#1786,#1787,#1788,#1789,#1790,#1791,#1792,#1793,#1794,
#1795,#1796,#1797,#1798,#1799,#1800,#1801,#1802,#1803,#1804,#1805));
#350=EDGE_LOOP('',(#1806,#1807,#1808,#1809,#1810,#1811,#1812,#1813));
#351=EDGE_LOOP('',(#1814));
#352=EDGE_LOOP('',(#1815,#1816,#1817,#1818,#1819));
#353=EDGE_LOOP('',(#1820,#1821,#1822,#1823,#1824));
#354=EDGE_LOOP('',(#1825,#1826,#1827,#1828,#1829));
#355=EDGE_LOOP('',(#1830,#1831,#1832,#1833,#1834));
#356=EDGE_LOOP('',(#1835));
#357=EDGE_LOOP('',(#1836));
#358=EDGE_LOOP('',(#1837));
#359=EDGE_LOOP('',(#1838));
#360=EDGE_LOOP('',(#1839,#1840,#1841,#1842,#1843,#1844,#1845,#1846,#1847,
#1848,#1849,#1850,#1851,#1852,#1853,#1854,#1855,#1856,#1857,#1858));
#361=EDGE_LOOP('',(#1859,#1860,#1861,#1862));
#362=EDGE_LOOP('',(#1863,#1864,#1865,#1866));
#363=EDGE_LOOP('',(#1867,#1868,#1869,#1870,#1871,#1872,#1873,#1874));
#364=EDGE_LOOP('',(#1875));
#365=EDGE_LOOP('',(#1876));
#366=EDGE_LOOP('',(#1877));
#367=EDGE_LOOP('',(#1878));
#368=EDGE_LOOP('',(#1879,#1880,#1881,#1882));
#369=EDGE_LOOP('',(#1883,#1884,#1885,#1886));
#370=EDGE_LOOP('',(#1887,#1888,#1889,#1890));
#371=EDGE_LOOP('',(#1891,#1892,#1893,#1894));
#372=EDGE_LOOP('',(#1895,#1896,#1897,#1898));
#373=EDGE_LOOP('',(#1899,#1900,#1901,#1902));
#374=EDGE_LOOP('',(#1903,#1904,#1905,#1906,#1907,#1908,#1909,#1910,#1911,
#1912,#1913,#1914,#1915,#1916,#1917,#1918,#1919,#1920,#1921,#1922));
#375=EDGE_LOOP('',(#1923,#1924,#1925,#1926,#1927,#1928,#1929,#1930,#1931,
#1932,#1933,#1934,#1935,#1936,#1937,#1938,#1939,#1940,#1941,#1942));
#376=LINE('',#2965,#549);
#377=LINE('',#2970,#550);
#378=LINE('',#2977,#551);
#379=LINE('',#2982,#552);
#380=LINE('',#2989,#553);
#381=LINE('',#2994,#554);
#382=LINE('',#3001,#555);
#383=LINE('',#3006,#556);
#384=LINE('',#3011,#557);
#385=LINE('',#3019,#558);
#386=LINE('',#3022,#559);
#387=LINE('',#3025,#560);
#388=LINE('',#3027,#561);
#389=LINE('',#3028,#562);
#390=LINE('',#3033,#563);
#391=LINE('',#3039,#564);
#392=LINE('',#3042,#565);
#393=LINE('',#3043,#566);
#394=LINE('',#3048,#567);
#395=LINE('',#3050,#568);
#396=LINE('',#3052,#569);
#397=LINE('',#3053,#570);
#398=LINE('',#3058,#571);
#399=LINE('',#3062,#572);
#400=LINE('',#3064,#573);
#401=LINE('',#3065,#574);
#402=LINE('',#3070,#575);
#403=LINE('',#3081,#576);
#404=LINE('',#3084,#577);
#405=LINE('',#3087,#578);
#406=LINE('',#3089,#579);
#407=LINE('',#3090,#580);
#408=LINE('',#3095,#581);
#409=LINE('',#3101,#582);
#410=LINE('',#3104,#583);
#411=LINE('',#3105,#584);
#412=LINE('',#3110,#585);
#413=LINE('',#3112,#586);
#414=LINE('',#3114,#587);
#415=LINE('',#3115,#588);
#416=LINE('',#3120,#589);
#417=LINE('',#3126,#590);
#418=LINE('',#3130,#591);
#419=LINE('',#3132,#592);
#420=LINE('',#3133,#593);
#421=LINE('',#3141,#594);
#422=LINE('',#3145,#595);
#423=LINE('',#3149,#596);
#424=LINE('',#3153,#597);
#425=LINE('',#3157,#598);
#426=LINE('',#3159,#599);
#427=LINE('',#3161,#600);
#428=LINE('',#3162,#601);
#429=LINE('',#3167,#602);
#430=LINE('',#3173,#603);
#431=LINE('',#3177,#604);
#432=LINE('',#3179,#605);
#433=LINE('',#3180,#606);
#434=LINE('',#3185,#607);
#435=LINE('',#3189,#608);
#436=LINE('',#3191,#609);
#437=LINE('',#3192,#610);
#438=LINE('',#3197,#611);
#439=LINE('',#3201,#612);
#440=LINE('',#3203,#613);
#441=LINE('',#3204,#614);
#442=LINE('',#3209,#615);
#443=LINE('',#3215,#616);
#444=LINE('',#3219,#617);
#445=LINE('',#3221,#618);
#446=LINE('',#3222,#619);
#447=LINE('',#3227,#620);
#448=LINE('',#3233,#621);
#449=LINE('',#3237,#622);
#450=LINE('',#3239,#623);
#451=LINE('',#3240,#624);
#452=LINE('',#3245,#625);
#453=LINE('',#3249,#626);
#454=LINE('',#3251,#627);
#455=LINE('',#3252,#628);
#456=LINE('',#3257,#629);
#457=LINE('',#3261,#630);
#458=LINE('',#3263,#631);
#459=LINE('',#3264,#632);
#460=LINE('',#3269,#633);
#461=LINE('',#3280,#634);
#462=LINE('',#3283,#635);
#463=LINE('',#3288,#636);
#464=LINE('',#3292,#637);
#465=LINE('',#3294,#638);
#466=LINE('',#3295,#639);
#467=LINE('',#3300,#640);
#468=LINE('',#3304,#641);
#469=LINE('',#3306,#642);
#470=LINE('',#3307,#643);
#471=LINE('',#3312,#644);
#472=LINE('',#3316,#645);
#473=LINE('',#3318,#646);
#474=LINE('',#3319,#647);
#475=LINE('',#3324,#648);
#476=LINE('',#3330,#649);
#477=LINE('',#3334,#650);
#478=LINE('',#3336,#651);
#479=LINE('',#3337,#652);
#480=LINE('',#3342,#653);
#481=LINE('',#3348,#654);
#482=LINE('',#3352,#655);
#483=LINE('',#3354,#656);
#484=LINE('',#3355,#657);
#485=LINE('',#3360,#658);
#486=LINE('',#3364,#659);
#487=LINE('',#3366,#660);
#488=LINE('',#3367,#661);
#489=LINE('',#3372,#662);
#490=LINE('',#3376,#663);
#491=LINE('',#3378,#664);
#492=LINE('',#3379,#665);
#493=LINE('',#3384,#666);
#494=LINE('',#3390,#667);
#495=LINE('',#3393,#668);
#496=LINE('',#3394,#669);
#497=LINE('',#3398,#670);
#498=LINE('',#3400,#671);
#499=LINE('',#3402,#672);
#500=LINE('',#3403,#673);
#501=LINE('',#3408,#674);
#502=LINE('',#3412,#675);
#503=LINE('',#3414,#676);
#504=LINE('',#3415,#677);
#505=LINE('',#3420,#678);
#506=LINE('',#3424,#679);
#507=LINE('',#3426,#680);
#508=LINE('',#3427,#681);
#509=LINE('',#3432,#682);
#510=LINE('',#3438,#683);
#511=LINE('',#3442,#684);
#512=LINE('',#3444,#685);
#513=LINE('',#3445,#686);
#514=LINE('',#3450,#687);
#515=LINE('',#3456,#688);
#516=LINE('',#3460,#689);
#517=LINE('',#3462,#690);
#518=LINE('',#3463,#691);
#519=LINE('',#3468,#692);
#520=LINE('',#3472,#693);
#521=LINE('',#3474,#694);
#522=LINE('',#3475,#695);
#523=LINE('',#3480,#696);
#524=LINE('',#3484,#697);
#525=LINE('',#3486,#698);
#526=LINE('',#3487,#699);
#527=LINE('',#3492,#700);
#528=LINE('',#3498,#701);
#529=LINE('',#3502,#702);
#530=LINE('',#3504,#703);
#531=LINE('',#3505,#704);
#532=LINE('',#3510,#705);
#533=LINE('',#3521,#706);
#534=LINE('',#3525,#707);
#535=LINE('',#3529,#708);
#536=LINE('',#3532,#709);
#537=LINE('',#3537,#710);
#538=LINE('',#3538,#711);
#539=LINE('',#3541,#712);
#540=LINE('',#3542,#713);
#541=LINE('',#3545,#714);
#542=LINE('',#3549,#715);
#543=LINE('',#3553,#716);
#544=LINE('',#3556,#717);
#545=LINE('',#3557,#718);
#546=LINE('',#3559,#719);
#547=LINE('',#3561,#720);
#548=LINE('',#3563,#721);
#549=VECTOR('',#2317,3.25);
#550=VECTOR('',#2324,2.5);
#551=VECTOR('',#2331,3.25);
#552=VECTOR('',#2338,2.5);
#553=VECTOR('',#2345,3.25);
#554=VECTOR('',#2352,2.5);
#555=VECTOR('',#2359,3.25);
#556=VECTOR('',#2366,2.5);
#557=VECTOR('',#2371,0.999999999999996);
#558=VECTOR('',#2380,10.);
#559=VECTOR('',#2383,10.);
#560=VECTOR('',#2386,10.);
#561=VECTOR('',#2387,10.);
#562=VECTOR('',#2388,10.);
#563=VECTOR('',#2393,10.);
#564=VECTOR('',#2400,10.);
#565=VECTOR('',#2405,10.);
#566=VECTOR('',#2406,10.);
#567=VECTOR('',#2411,10.);
#568=VECTOR('',#2412,10.);
#569=VECTOR('',#2413,10.);
#570=VECTOR('',#2414,10.);
#571=VECTOR('',#2419,10.);
#572=VECTOR('',#2424,10.);
#573=VECTOR('',#2425,10.);
#574=VECTOR('',#2426,10.);
#575=VECTOR('',#2431,10.);
#576=VECTOR('',#2446,10.);
#577=VECTOR('',#2449,10.);
#578=VECTOR('',#2452,10.);
#579=VECTOR('',#2453,10.);
#580=VECTOR('',#2454,10.);
#581=VECTOR('',#2459,10.);
#582=VECTOR('',#2466,10.);
#583=VECTOR('',#2471,10.);
#584=VECTOR('',#2472,10.);
#585=VECTOR('',#2477,10.);
#586=VECTOR('',#2478,10.);
#587=VECTOR('',#2479,10.);
#588=VECTOR('',#2480,10.);
#589=VECTOR('',#2485,10.);
#590=VECTOR('',#2492,10.);
#591=VECTOR('',#2497,10.);
#592=VECTOR('',#2498,10.);
#593=VECTOR('',#2499,10.);
#594=VECTOR('',#2512,4.);
#595=VECTOR('',#2517,4.);
#596=VECTOR('',#2522,4.);
#597=VECTOR('',#2527,4.);
#598=VECTOR('',#2530,10.);
#599=VECTOR('',#2531,10.);
#600=VECTOR('',#2532,10.);
#601=VECTOR('',#2533,10.);
#602=VECTOR('',#2538,10.);
#603=VECTOR('',#2545,10.);
#604=VECTOR('',#2550,10.);
#605=VECTOR('',#2551,10.);
#606=VECTOR('',#2552,10.);
#607=VECTOR('',#2557,10.);
#608=VECTOR('',#2562,10.);
#609=VECTOR('',#2563,10.);
#610=VECTOR('',#2564,10.);
#611=VECTOR('',#2569,10.);
#612=VECTOR('',#2574,10.);
#613=VECTOR('',#2575,10.);
#614=VECTOR('',#2576,10.);
#615=VECTOR('',#2581,10.);
#616=VECTOR('',#2588,10.);
#617=VECTOR('',#2593,10.);
#618=VECTOR('',#2594,10.);
#619=VECTOR('',#2595,10.);
#620=VECTOR('',#2600,10.);
#621=VECTOR('',#2607,10.);
#622=VECTOR('',#2612,10.);
#623=VECTOR('',#2613,10.);
#624=VECTOR('',#2614,10.);
#625=VECTOR('',#2619,10.);
#626=VECTOR('',#2624,10.);
#627=VECTOR('',#2625,10.);
#628=VECTOR('',#2626,10.);
#629=VECTOR('',#2631,10.);
#630=VECTOR('',#2636,10.);
#631=VECTOR('',#2637,10.);
#632=VECTOR('',#2638,10.);
#633=VECTOR('',#2643,10.);
#634=VECTOR('',#2658,10.);
#635=VECTOR('',#2661,10.);
#636=VECTOR('',#2666,10.);
#637=VECTOR('',#2671,10.);
#638=VECTOR('',#2672,10.);
#639=VECTOR('',#2673,10.);
#640=VECTOR('',#2678,10.);
#641=VECTOR('',#2683,10.);
#642=VECTOR('',#2684,10.);
#643=VECTOR('',#2685,10.);
#644=VECTOR('',#2690,10.);
#645=VECTOR('',#2695,10.);
#646=VECTOR('',#2696,10.);
#647=VECTOR('',#2697,10.);
#648=VECTOR('',#2702,10.);
#649=VECTOR('',#2709,10.);
#650=VECTOR('',#2714,10.);
#651=VECTOR('',#2715,10.);
#652=VECTOR('',#2716,10.);
#653=VECTOR('',#2721,10.);
#654=VECTOR('',#2728,10.);
#655=VECTOR('',#2733,10.);
#656=VECTOR('',#2734,10.);
#657=VECTOR('',#2735,10.);
#658=VECTOR('',#2740,10.);
#659=VECTOR('',#2745,10.);
#660=VECTOR('',#2746,10.);
#661=VECTOR('',#2747,10.);
#662=VECTOR('',#2752,10.);
#663=VECTOR('',#2757,10.);
#664=VECTOR('',#2758,10.);
#665=VECTOR('',#2759,10.);
#666=VECTOR('',#2764,10.);
#667=VECTOR('',#2771,10.);
#668=VECTOR('',#2776,10.);
#669=VECTOR('',#2777,10.);
#670=VECTOR('',#2780,10.);
#671=VECTOR('',#2781,10.);
#672=VECTOR('',#2782,10.);
#673=VECTOR('',#2783,10.);
#674=VECTOR('',#2788,10.);
#675=VECTOR('',#2793,10.);
#676=VECTOR('',#2794,10.);
#677=VECTOR('',#2795,10.);
#678=VECTOR('',#2800,10.);
#679=VECTOR('',#2805,10.);
#680=VECTOR('',#2806,10.);
#681=VECTOR('',#2807,10.);
#682=VECTOR('',#2812,10.);
#683=VECTOR('',#2819,10.);
#684=VECTOR('',#2824,10.);
#685=VECTOR('',#2825,10.);
#686=VECTOR('',#2826,10.);
#687=VECTOR('',#2831,10.);
#688=VECTOR('',#2838,10.);
#689=VECTOR('',#2843,10.);
#690=VECTOR('',#2844,10.);
#691=VECTOR('',#2845,10.);
#692=VECTOR('',#2850,10.);
#693=VECTOR('',#2855,10.);
#694=VECTOR('',#2856,10.);
#695=VECTOR('',#2857,10.);
#696=VECTOR('',#2862,10.);
#697=VECTOR('',#2867,10.);
#698=VECTOR('',#2868,10.);
#699=VECTOR('',#2869,10.);
#700=VECTOR('',#2874,10.);
#701=VECTOR('',#2881,10.);
#702=VECTOR('',#2886,10.);
#703=VECTOR('',#2887,10.);
#704=VECTOR('',#2888,10.);
#705=VECTOR('',#2893,10.);
#706=VECTOR('',#2908,10.);
#707=VECTOR('',#2911,10.);
#708=VECTOR('',#2914,10.);
#709=VECTOR('',#2917,10.);
#710=VECTOR('',#2922,10.);
#711=VECTOR('',#2923,10.);
#712=VECTOR('',#2926,10.);
#713=VECTOR('',#2927,10.);
#714=VECTOR('',#2930,10.);
#715=VECTOR('',#2933,10.);
#716=VECTOR('',#2936,10.);
#717=VECTOR('',#2941,10.);
#718=VECTOR('',#2942,10.);
#719=VECTOR('',#2945,10.);
#720=VECTOR('',#2948,10.);
#721=VECTOR('',#2951,10.);
#722=CIRCLE('',#2073,2.5);
#723=CIRCLE('',#2074,2.5);
#724=CIRCLE('',#2075,4.);
#725=CIRCLE('',#2077,2.5);
#726=CIRCLE('',#2079,2.5);
#727=CIRCLE('',#2080,2.5);
#728=CIRCLE('',#2081,4.);
#729=CIRCLE('',#2083,2.5);
#730=CIRCLE('',#2085,2.5);
#731=CIRCLE('',#2086,2.5);
#732=CIRCLE('',#2087,4.);
#733=CIRCLE('',#2089,2.5);
#734=CIRCLE('',#2091,2.5);
#735=CIRCLE('',#2092,2.5);
#736=CIRCLE('',#2093,4.);
#737=CIRCLE('',#2095,2.5);
#738=CIRCLE('',#2097,0.999999999999996);
#739=CIRCLE('',#2098,0.999999999999996);
#740=CIRCLE('',#2101,6.04364241039744);
#741=CIRCLE('',#2102,6.04364241039744);
#742=CIRCLE('',#2105,2.99999999999992);
#743=CIRCLE('',#2106,2.99999999999992);
#744=CIRCLE('',#2108,6.66604984430638);
#745=CIRCLE('',#2109,6.66604984430638);
#746=CIRCLE('',#2114,6.04364241039745);
#747=CIRCLE('',#2115,6.04364241039745);
#748=CIRCLE('',#2118,6.66604984430637);
#749=CIRCLE('',#2119,6.66604984430637);
#750=CIRCLE('',#2121,2.99999999999997);
#751=CIRCLE('',#2122,2.99999999999997);
#752=CIRCLE('',#2125,6.04364241039744);
#753=CIRCLE('',#2126,6.04364241039744);
#754=CIRCLE('',#2129,6.66604984430637);
#755=CIRCLE('',#2130,6.66604984430637);
#756=CIRCLE('',#2132,2.99999999999997);
#757=CIRCLE('',#2133,2.99999999999997);
#758=CIRCLE('',#2138,2.99999999999992);
#759=CIRCLE('',#2139,2.99999999999992);
#760=CIRCLE('',#2141,6.66604984430638);
#761=CIRCLE('',#2142,6.66604984430638);
#762=CIRCLE('',#2145,6.04364241039744);
#763=CIRCLE('',#2146,6.04364241039744);
#764=CIRCLE('',#2149,4.);
#765=CIRCLE('',#2151,4.);
#766=CIRCLE('',#2153,4.);
#767=CIRCLE('',#2155,4.);
#768=CIRCLE('',#2158,3.00000000000002);
#769=CIRCLE('',#2159,3.00000000000002);
#770=CIRCLE('',#2161,5.99999999999997);
#771=CIRCLE('',#2162,5.99999999999997);
#772=CIRCLE('',#2165,3.00000000000003);
#773=CIRCLE('',#2166,3.00000000000003);
#774=CIRCLE('',#2169,2.99999999999999);
#775=CIRCLE('',#2170,2.99999999999999);
#776=CIRCLE('',#2173,5.99999999999996);
#777=CIRCLE('',#2174,5.99999999999996);
#778=CIRCLE('',#2176,3.00000000000002);
#779=CIRCLE('',#2177,3.00000000000002);
#780=CIRCLE('',#2180,3.00000000000002);
#781=CIRCLE('',#2181,3.00000000000002);
#782=CIRCLE('',#2183,5.99999999999997);
#783=CIRCLE('',#2184,5.99999999999997);
#784=CIRCLE('',#2187,3.00000000000002);
#785=CIRCLE('',#2188,3.00000000000002);
#786=CIRCLE('',#2191,3.00000000000002);
#787=CIRCLE('',#2192,3.00000000000002);
#788=CIRCLE('',#2195,5.99999999999996);
#789=CIRCLE('',#2196,5.99999999999996);
#790=CIRCLE('',#2198,3.00000000000002);
#791=CIRCLE('',#2199,3.00000000000002);
#792=CIRCLE('',#2202,4.00000000000002);
#793=CIRCLE('',#2203,4.00000000000002);
#794=CIRCLE('',#2205,5.00000000000004);
#795=CIRCLE('',#2206,5.00000000000004);
#796=CIRCLE('',#2209,4.00000000000002);
#797=CIRCLE('',#2210,4.00000000000002);
#798=CIRCLE('',#2213,3.99999999999999);
#799=CIRCLE('',#2214,3.99999999999999);
#800=CIRCLE('',#2217,4.99999999999998);
#801=CIRCLE('',#2218,4.99999999999998);
#802=CIRCLE('',#2220,4.00000000000002);
#803=CIRCLE('',#2221,4.00000000000002);
#804=CIRCLE('',#2224,4.);
#805=CIRCLE('',#2225,4.);
#806=CIRCLE('',#2227,5.);
#807=CIRCLE('',#2228,5.);
#808=CIRCLE('',#2231,4.);
#809=CIRCLE('',#2232,4.);
#810=CIRCLE('',#2235,4.00000000000004);
#811=CIRCLE('',#2236,4.00000000000004);
#812=CIRCLE('',#2239,4.99999999999998);
#813=CIRCLE('',#2240,4.99999999999998);
#814=CIRCLE('',#2242,3.99999999999999);
#815=CIRCLE('',#2243,3.99999999999999);
#816=CIRCLE('',#2247,5.);
#817=CIRCLE('',#2248,5.);
#818=CIRCLE('',#2251,5.);
#819=CIRCLE('',#2252,5.);
#820=CIRCLE('',#2255,4.00000000000004);
#821=CIRCLE('',#2256,4.00000000000004);
#822=CIRCLE('',#2258,5.);
#823=CIRCLE('',#2259,5.);
#824=CIRCLE('',#2262,5.);
#825=CIRCLE('',#2263,5.);
#826=CIRCLE('',#2265,4.);
#827=CIRCLE('',#2266,4.);
#828=CIRCLE('',#2269,5.);
#829=CIRCLE('',#2270,5.);
#830=CIRCLE('',#2273,5.);
#831=CIRCLE('',#2274,5.);
#832=CIRCLE('',#2277,4.00000000000002);
#833=CIRCLE('',#2278,4.00000000000002);
#834=CIRCLE('',#2280,5.);
#835=CIRCLE('',#2281,5.);
#836=CIRCLE('',#2284,5.);
#837=CIRCLE('',#2285,5.);
#838=CIRCLE('',#2287,4.);
#839=CIRCLE('',#2288,4.);
#840=CIRCLE('',#2291,6.);
#841=CIRCLE('',#2292,6.);
#842=CIRCLE('',#2293,6.);
#843=CIRCLE('',#2294,6.);
#844=CIRCLE('',#2296,6.);
#845=CIRCLE('',#2299,6.);
#846=CIRCLE('',#2300,6.);
#847=CIRCLE('',#2301,6.);
#848=VERTEX_POINT('',#2960);
#849=VERTEX_POINT('',#2961);
#850=VERTEX_POINT('',#2964);
#851=VERTEX_POINT('',#2968);
#852=VERTEX_POINT('',#2972);
#853=VERTEX_POINT('',#2973);
#854=VERTEX_POINT('',#2976);
#855=VERTEX_POINT('',#2980);
#856=VERTEX_POINT('',#2984);
#857=VERTEX_POINT('',#2985);
#858=VERTEX_POINT('',#2988);
#859=VERTEX_POINT('',#2992);
#860=VERTEX_POINT('',#2996);
#861=VERTEX_POINT('',#2997);
#862=VERTEX_POINT('',#3000);
#863=VERTEX_POINT('',#3004);
#864=VERTEX_POINT('',#3008);
#865=VERTEX_POINT('',#3010);
#866=VERTEX_POINT('',#3015);
#867=VERTEX_POINT('',#3016);
#868=VERTEX_POINT('',#3018);
#869=VERTEX_POINT('',#3020);
#870=VERTEX_POINT('',#3024);
#871=VERTEX_POINT('',#3026);
#872=VERTEX_POINT('',#3030);
#873=VERTEX_POINT('',#3032);
#874=VERTEX_POINT('',#3036);
#875=VERTEX_POINT('',#3038);
#876=VERTEX_POINT('',#3046);
#877=VERTEX_POINT('',#3047);
#878=VERTEX_POINT('',#3049);
#879=VERTEX_POINT('',#3051);
#880=VERTEX_POINT('',#3055);
#881=VERTEX_POINT('',#3057);
#882=VERTEX_POINT('',#3061);
#883=VERTEX_POINT('',#3063);
#884=VERTEX_POINT('',#3067);
#885=VERTEX_POINT('',#3069);
#886=VERTEX_POINT('',#3077);
#887=VERTEX_POINT('',#3078);
#888=VERTEX_POINT('',#3080);
#889=VERTEX_POINT('',#3082);
#890=VERTEX_POINT('',#3086);
#891=VERTEX_POINT('',#3088);
#892=VERTEX_POINT('',#3092);
#893=VERTEX_POINT('',#3094);
#894=VERTEX_POINT('',#3098);
#895=VERTEX_POINT('',#3100);
#896=VERTEX_POINT('',#3108);
#897=VERTEX_POINT('',#3109);
#898=VERTEX_POINT('',#3111);
#899=VERTEX_POINT('',#3113);
#900=VERTEX_POINT('',#3117);
#901=VERTEX_POINT('',#3119);
#902=VERTEX_POINT('',#3123);
#903=VERTEX_POINT('',#3125);
#904=VERTEX_POINT('',#3129);
#905=VERTEX_POINT('',#3131);
#906=VERTEX_POINT('',#3139);
#907=VERTEX_POINT('',#3143);
#908=VERTEX_POINT('',#3147);
#909=VERTEX_POINT('',#3151);
#910=VERTEX_POINT('',#3155);
#911=VERTEX_POINT('',#3156);
#912=VERTEX_POINT('',#3158);
#913=VERTEX_POINT('',#3160);
#914=VERTEX_POINT('',#3164);
#915=VERTEX_POINT('',#3166);
#916=VERTEX_POINT('',#3170);
#917=VERTEX_POINT('',#3172);
#918=VERTEX_POINT('',#3176);
#919=VERTEX_POINT('',#3178);
#920=VERTEX_POINT('',#3182);
#921=VERTEX_POINT('',#3184);
#922=VERTEX_POINT('',#3188);
#923=VERTEX_POINT('',#3190);
#924=VERTEX_POINT('',#3194);
#925=VERTEX_POINT('',#3196);
#926=VERTEX_POINT('',#3200);
#927=VERTEX_POINT('',#3202);
#928=VERTEX_POINT('',#3206);
#929=VERTEX_POINT('',#3208);
#930=VERTEX_POINT('',#3212);
#931=VERTEX_POINT('',#3214);
#932=VERTEX_POINT('',#3218);
#933=VERTEX_POINT('',#3220);
#934=VERTEX_POINT('',#3224);
#935=VERTEX_POINT('',#3226);
#936=VERTEX_POINT('',#3230);
#937=VERTEX_POINT('',#3232);
#938=VERTEX_POINT('',#3236);
#939=VERTEX_POINT('',#3238);
#940=VERTEX_POINT('',#3242);
#941=VERTEX_POINT('',#3244);
#942=VERTEX_POINT('',#3248);
#943=VERTEX_POINT('',#3250);
#944=VERTEX_POINT('',#3254);
#945=VERTEX_POINT('',#3256);
#946=VERTEX_POINT('',#3260);
#947=VERTEX_POINT('',#3262);
#948=VERTEX_POINT('',#3266);
#949=VERTEX_POINT('',#3268);
#950=VERTEX_POINT('',#3276);
#951=VERTEX_POINT('',#3277);
#952=VERTEX_POINT('',#3279);
#953=VERTEX_POINT('',#3281);
#954=VERTEX_POINT('',#3285);
#955=VERTEX_POINT('',#3287);
#956=VERTEX_POINT('',#3291);
#957=VERTEX_POINT('',#3293);
#958=VERTEX_POINT('',#3297);
#959=VERTEX_POINT('',#3299);
#960=VERTEX_POINT('',#3303);
#961=VERTEX_POINT('',#3305);
#962=VERTEX_POINT('',#3309);
#963=VERTEX_POINT('',#3311);
#964=VERTEX_POINT('',#3315);
#965=VERTEX_POINT('',#3317);
#966=VERTEX_POINT('',#3321);
#967=VERTEX_POINT('',#3323);
#968=VERTEX_POINT('',#3327);
#969=VERTEX_POINT('',#3329);
#970=VERTEX_POINT('',#3333);
#971=VERTEX_POINT('',#3335);
#972=VERTEX_POINT('',#3339);
#973=VERTEX_POINT('',#3341);
#974=VERTEX_POINT('',#3345);
#975=VERTEX_POINT('',#3347);
#976=VERTEX_POINT('',#3351);
#977=VERTEX_POINT('',#3353);
#978=VERTEX_POINT('',#3357);
#979=VERTEX_POINT('',#3359);
#980=VERTEX_POINT('',#3363);
#981=VERTEX_POINT('',#3365);
#982=VERTEX_POINT('',#3369);
#983=VERTEX_POINT('',#3371);
#984=VERTEX_POINT('',#3375);
#985=VERTEX_POINT('',#3377);
#986=VERTEX_POINT('',#3381);
#987=VERTEX_POINT('',#3383);
#988=VERTEX_POINT('',#3387);
#989=VERTEX_POINT('',#3389);
#990=VERTEX_POINT('',#3396);
#991=VERTEX_POINT('',#3397);
#992=VERTEX_POINT('',#3399);
#993=VERTEX_POINT('',#3401);
#994=VERTEX_POINT('',#3405);
#995=VERTEX_POINT('',#3407);
#996=VERTEX_POINT('',#3411);
#997=VERTEX_POINT('',#3413);
#998=VERTEX_POINT('',#3417);
#999=VERTEX_POINT('',#3419);
#1000=VERTEX_POINT('',#3423);
#1001=VERTEX_POINT('',#3425);
#1002=VERTEX_POINT('',#3429);
#1003=VERTEX_POINT('',#3431);
#1004=VERTEX_POINT('',#3435);
#1005=VERTEX_POINT('',#3437);
#1006=VERTEX_POINT('',#3441);
#1007=VERTEX_POINT('',#3443);
#1008=VERTEX_POINT('',#3447);
#1009=VERTEX_POINT('',#3449);
#1010=VERTEX_POINT('',#3453);
#1011=VERTEX_POINT('',#3455);
#1012=VERTEX_POINT('',#3459);
#1013=VERTEX_POINT('',#3461);
#1014=VERTEX_POINT('',#3465);
#1015=VERTEX_POINT('',#3467);
#1016=VERTEX_POINT('',#3471);
#1017=VERTEX_POINT('',#3473);
#1018=VERTEX_POINT('',#3477);
#1019=VERTEX_POINT('',#3479);
#1020=VERTEX_POINT('',#3483);
#1021=VERTEX_POINT('',#3485);
#1022=VERTEX_POINT('',#3489);
#1023=VERTEX_POINT('',#3491);
#1024=VERTEX_POINT('',#3495);
#1025=VERTEX_POINT('',#3497);
#1026=VERTEX_POINT('',#3501);
#1027=VERTEX_POINT('',#3503);
#1028=VERTEX_POINT('',#3507);
#1029=VERTEX_POINT('',#3509);
#1030=VERTEX_POINT('',#3517);
#1031=VERTEX_POINT('',#3518);
#1032=VERTEX_POINT('',#3520);
#1033=VERTEX_POINT('',#3522);
#1034=VERTEX_POINT('',#3524);
#1035=VERTEX_POINT('',#3526);
#1036=VERTEX_POINT('',#3528);
#1037=VERTEX_POINT('',#3530);
#1038=VERTEX_POINT('',#3534);
#1039=VERTEX_POINT('',#3535);
#1040=VERTEX_POINT('',#3540);
#1041=VERTEX_POINT('',#3544);
#1042=VERTEX_POINT('',#3546);
#1043=VERTEX_POINT('',#3548);
#1044=VERTEX_POINT('',#3550);
#1045=VERTEX_POINT('',#3552);
#1046=EDGE_CURVE('',#848,#849,#722,.T.);
#1047=EDGE_CURVE('',#849,#848,#723,.T.);
#1048=EDGE_CURVE('',#848,#850,#376,.T.);
#1049=EDGE_CURVE('',#850,#850,#724,.T.);
#1050=EDGE_CURVE('',#851,#851,#725,.T.);
#1051=EDGE_CURVE('',#851,#849,#377,.T.);
#1052=EDGE_CURVE('',#852,#853,#726,.T.);
#1053=EDGE_CURVE('',#853,#852,#727,.T.);
#1054=EDGE_CURVE('',#852,#854,#378,.T.);
#1055=EDGE_CURVE('',#854,#854,#728,.T.);
#1056=EDGE_CURVE('',#855,#855,#729,.T.);
#1057=EDGE_CURVE('',#855,#853,#379,.T.);
#1058=EDGE_CURVE('',#856,#857,#730,.T.);
#1059=EDGE_CURVE('',#857,#856,#731,.T.);
#1060=EDGE_CURVE('',#856,#858,#380,.T.);
#1061=EDGE_CURVE('',#858,#858,#732,.T.);
#1062=EDGE_CURVE('',#859,#859,#733,.T.);
#1063=EDGE_CURVE('',#859,#857,#381,.T.);
#1064=EDGE_CURVE('',#860,#861,#734,.T.);
#1065=EDGE_CURVE('',#861,#860,#735,.T.);
#1066=EDGE_CURVE('',#860,#862,#382,.T.);
#1067=EDGE_CURVE('',#862,#862,#736,.T.);
#1068=EDGE_CURVE('',#863,#863,#737,.T.);
#1069=EDGE_CURVE('',#863,#861,#383,.T.);
#1070=EDGE_CURVE('',#864,#864,#738,.T.);
#1071=EDGE_CURVE('',#864,#865,#384,.T.);
#1072=EDGE_CURVE('',#865,#865,#739,.T.);
#1073=EDGE_CURVE('',#866,#867,#740,.T.);
#1074=EDGE_CURVE('',#866,#868,#385,.T.);
#1075=EDGE_CURVE('',#868,#869,#741,.T.);
#1076=EDGE_CURVE('',#867,#869,#386,.T.);
#1077=EDGE_CURVE('',#870,#866,#387,.T.);
#1078=EDGE_CURVE('',#870,#871,#388,.T.);
#1079=EDGE_CURVE('',#871,#868,#389,.T.);
#1080=EDGE_CURVE('',#872,#870,#742,.T.);
#1081=EDGE_CURVE('',#872,#873,#390,.T.);
#1082=EDGE_CURVE('',#873,#871,#743,.T.);
#1083=EDGE_CURVE('',#874,#872,#744,.T.);
#1084=EDGE_CURVE('',#874,#875,#391,.T.);
#1085=EDGE_CURVE('',#875,#873,#745,.T.);
#1086=EDGE_CURVE('',#867,#874,#392,.T.);
#1087=EDGE_CURVE('',#869,#875,#393,.T.);
#1088=EDGE_CURVE('',#876,#877,#394,.T.);
#1089=EDGE_CURVE('',#876,#878,#395,.T.);
#1090=EDGE_CURVE('',#878,#879,#396,.T.);
#1091=EDGE_CURVE('',#877,#879,#397,.T.);
#1092=EDGE_CURVE('',#880,#876,#746,.T.);
#1093=EDGE_CURVE('',#880,#881,#398,.T.);
#1094=EDGE_CURVE('',#881,#878,#747,.T.);
#1095=EDGE_CURVE('',#882,#880,#399,.T.);
#1096=EDGE_CURVE('',#882,#883,#400,.T.);
#1097=EDGE_CURVE('',#883,#881,#401,.T.);
#1098=EDGE_CURVE('',#884,#882,#748,.T.);
#1099=EDGE_CURVE('',#884,#885,#402,.T.);
#1100=EDGE_CURVE('',#885,#883,#749,.T.);
#1101=EDGE_CURVE('',#877,#884,#750,.T.);
#1102=EDGE_CURVE('',#879,#885,#751,.T.);
#1103=EDGE_CURVE('',#886,#887,#752,.T.);
#1104=EDGE_CURVE('',#886,#888,#403,.T.);
#1105=EDGE_CURVE('',#888,#889,#753,.T.);
#1106=EDGE_CURVE('',#887,#889,#404,.T.);
#1107=EDGE_CURVE('',#890,#886,#405,.T.);
#1108=EDGE_CURVE('',#890,#891,#406,.T.);
#1109=EDGE_CURVE('',#891,#888,#407,.T.);
#1110=EDGE_CURVE('',#892,#890,#754,.T.);
#1111=EDGE_CURVE('',#892,#893,#408,.T.);
#1112=EDGE_CURVE('',#893,#891,#755,.T.);
#1113=EDGE_CURVE('',#894,#892,#756,.T.);
#1114=EDGE_CURVE('',#894,#895,#409,.T.);
#1115=EDGE_CURVE('',#895,#893,#757,.T.);
#1116=EDGE_CURVE('',#887,#894,#410,.T.);
#1117=EDGE_CURVE('',#889,#895,#411,.T.);
#1118=EDGE_CURVE('',#896,#897,#412,.T.);
#1119=EDGE_CURVE('',#896,#898,#413,.T.);
#1120=EDGE_CURVE('',#898,#899,#414,.T.);
#1121=EDGE_CURVE('',#897,#899,#415,.T.);
#1122=EDGE_CURVE('',#900,#896,#758,.T.);
#1123=EDGE_CURVE('',#900,#901,#416,.T.);
#1124=EDGE_CURVE('',#901,#898,#759,.T.);
#1125=EDGE_CURVE('',#902,#900,#760,.T.);
#1126=EDGE_CURVE('',#902,#903,#417,.T.);
#1127=EDGE_CURVE('',#903,#901,#761,.T.);
#1128=EDGE_CURVE('',#904,#902,#418,.T.);
#1129=EDGE_CURVE('',#904,#905,#419,.T.);
#1130=EDGE_CURVE('',#905,#903,#420,.T.);
#1131=EDGE_CURVE('',#897,#904,#762,.T.);
#1132=EDGE_CURVE('',#899,#905,#763,.T.);
#1133=EDGE_CURVE('',#906,#906,#764,.T.);
#1134=EDGE_CURVE('',#906,#850,#421,.T.);
#1135=EDGE_CURVE('',#907,#907,#765,.T.);
#1136=EDGE_CURVE('',#907,#862,#422,.T.);
#1137=EDGE_CURVE('',#908,#908,#766,.T.);
#1138=EDGE_CURVE('',#908,#854,#423,.T.);
#1139=EDGE_CURVE('',#909,#909,#767,.T.);
#1140=EDGE_CURVE('',#909,#858,#424,.T.);
#1141=EDGE_CURVE('',#910,#911,#425,.T.);
#1142=EDGE_CURVE('',#910,#912,#426,.T.);
#1143=EDGE_CURVE('',#912,#913,#427,.T.);
#1144=EDGE_CURVE('',#911,#913,#428,.T.);
#1145=EDGE_CURVE('',#914,#910,#768,.T.);
#1146=EDGE_CURVE('',#914,#915,#429,.T.);
#1147=EDGE_CURVE('',#915,#912,#769,.T.);
#1148=EDGE_CURVE('',#916,#914,#770,.T.);
#1149=EDGE_CURVE('',#916,#917,#430,.T.);
#1150=EDGE_CURVE('',#917,#915,#771,.T.);
#1151=EDGE_CURVE('',#918,#916,#431,.T.);
#1152=EDGE_CURVE('',#918,#919,#432,.T.);
#1153=EDGE_CURVE('',#919,#917,#433,.T.);
#1154=EDGE_CURVE('',#920,#918,#772,.T.);
#1155=EDGE_CURVE('',#920,#921,#434,.T.);
#1156=EDGE_CURVE('',#921,#919,#773,.T.);
#1157=EDGE_CURVE('',#922,#920,#435,.T.);
#1158=EDGE_CURVE('',#922,#923,#436,.T.);
#1159=EDGE_CURVE('',#923,#921,#437,.T.);
#1160=EDGE_CURVE('',#924,#922,#774,.T.);
#1161=EDGE_CURVE('',#924,#925,#438,.T.);
#1162=EDGE_CURVE('',#925,#923,#775,.T.);
#1163=EDGE_CURVE('',#926,#924,#439,.T.);
#1164=EDGE_CURVE('',#926,#927,#440,.T.);
#1165=EDGE_CURVE('',#927,#925,#441,.T.);
#1166=EDGE_CURVE('',#928,#926,#776,.T.);
#1167=EDGE_CURVE('',#928,#929,#442,.T.);
#1168=EDGE_CURVE('',#929,#927,#777,.T.);
#1169=EDGE_CURVE('',#930,#928,#778,.T.);
#1170=EDGE_CURVE('',#930,#931,#443,.T.);
#1171=EDGE_CURVE('',#931,#929,#779,.T.);
#1172=EDGE_CURVE('',#932,#930,#444,.T.);
#1173=EDGE_CURVE('',#932,#933,#445,.T.);
#1174=EDGE_CURVE('',#933,#931,#446,.T.);
#1175=EDGE_CURVE('',#934,#932,#780,.T.);
#1176=EDGE_CURVE('',#934,#935,#447,.T.);
#1177=EDGE_CURVE('',#935,#933,#781,.T.);
#1178=EDGE_CURVE('',#936,#934,#782,.T.);
#1179=EDGE_CURVE('',#936,#937,#448,.T.);
#1180=EDGE_CURVE('',#937,#935,#783,.T.);
#1181=EDGE_CURVE('',#938,#936,#449,.T.);
#1182=EDGE_CURVE('',#938,#939,#450,.T.);
#1183=EDGE_CURVE('',#939,#937,#451,.T.);
#1184=EDGE_CURVE('',#940,#938,#784,.T.);
#1185=EDGE_CURVE('',#940,#941,#452,.T.);
#1186=EDGE_CURVE('',#941,#939,#785,.T.);
#1187=EDGE_CURVE('',#942,#940,#453,.T.);
#1188=EDGE_CURVE('',#942,#943,#454,.T.);
#1189=EDGE_CURVE('',#943,#941,#455,.T.);
#1190=EDGE_CURVE('',#944,#942,#786,.T.);
#1191=EDGE_CURVE('',#944,#945,#456,.T.);
#1192=EDGE_CURVE('',#945,#943,#787,.T.);
#1193=EDGE_CURVE('',#946,#944,#457,.T.);
#1194=EDGE_CURVE('',#946,#947,#458,.T.);
#1195=EDGE_CURVE('',#947,#945,#459,.T.);
#1196=EDGE_CURVE('',#948,#946,#788,.T.);
#1197=EDGE_CURVE('',#948,#949,#460,.T.);
#1198=EDGE_CURVE('',#949,#947,#789,.T.);
#1199=EDGE_CURVE('',#911,#948,#790,.T.);
#1200=EDGE_CURVE('',#913,#949,#791,.T.);
#1201=EDGE_CURVE('',#950,#951,#792,.T.);
#1202=EDGE_CURVE('',#950,#952,#461,.T.);
#1203=EDGE_CURVE('',#952,#953,#793,.T.);
#1204=EDGE_CURVE('',#951,#953,#462,.T.);
#1205=EDGE_CURVE('',#954,#950,#794,.T.);
#1206=EDGE_CURVE('',#954,#955,#463,.T.);
#1207=EDGE_CURVE('',#955,#952,#795,.T.);
#1208=EDGE_CURVE('',#956,#954,#464,.T.);
#1209=EDGE_CURVE('',#956,#957,#465,.T.);
#1210=EDGE_CURVE('',#957,#955,#466,.T.);
#1211=EDGE_CURVE('',#958,#956,#796,.T.);
#1212=EDGE_CURVE('',#958,#959,#467,.T.);
#1213=EDGE_CURVE('',#959,#957,#797,.T.);
#1214=EDGE_CURVE('',#960,#958,#468,.T.);
#1215=EDGE_CURVE('',#960,#961,#469,.T.);
#1216=EDGE_CURVE('',#961,#959,#470,.T.);
#1217=EDGE_CURVE('',#962,#960,#798,.T.);
#1218=EDGE_CURVE('',#962,#963,#471,.T.);
#1219=EDGE_CURVE('',#963,#961,#799,.T.);
#1220=EDGE_CURVE('',#964,#962,#472,.T.);
#1221=EDGE_CURVE('',#964,#965,#473,.T.);
#1222=EDGE_CURVE('',#965,#963,#474,.T.);
#1223=EDGE_CURVE('',#966,#964,#800,.T.);
#1224=EDGE_CURVE('',#966,#967,#475,.T.);
#1225=EDGE_CURVE('',#967,#965,#801,.T.);
#1226=EDGE_CURVE('',#968,#966,#802,.T.);
#1227=EDGE_CURVE('',#968,#969,#476,.T.);
#1228=EDGE_CURVE('',#969,#967,#803,.T.);
#1229=EDGE_CURVE('',#970,#968,#477,.T.);
#1230=EDGE_CURVE('',#970,#971,#478,.T.);
#1231=EDGE_CURVE('',#971,#969,#479,.T.);
#1232=EDGE_CURVE('',#972,#970,#804,.T.);
#1233=EDGE_CURVE('',#972,#973,#480,.T.);
#1234=EDGE_CURVE('',#973,#971,#805,.T.);
#1235=EDGE_CURVE('',#974,#972,#806,.T.);
#1236=EDGE_CURVE('',#974,#975,#481,.T.);
#1237=EDGE_CURVE('',#975,#973,#807,.T.);
#1238=EDGE_CURVE('',#976,#974,#482,.T.);
#1239=EDGE_CURVE('',#976,#977,#483,.T.);
#1240=EDGE_CURVE('',#977,#975,#484,.T.);
#1241=EDGE_CURVE('',#978,#976,#808,.T.);
#1242=EDGE_CURVE('',#978,#979,#485,.T.);
#1243=EDGE_CURVE('',#979,#977,#809,.T.);
#1244=EDGE_CURVE('',#980,#978,#486,.T.);
#1245=EDGE_CURVE('',#980,#981,#487,.T.);
#1246=EDGE_CURVE('',#981,#979,#488,.T.);
#1247=EDGE_CURVE('',#982,#980,#810,.T.);
#1248=EDGE_CURVE('',#982,#983,#489,.T.);
#1249=EDGE_CURVE('',#983,#981,#811,.T.);
#1250=EDGE_CURVE('',#984,#982,#490,.T.);
#1251=EDGE_CURVE('',#984,#985,#491,.T.);
#1252=EDGE_CURVE('',#985,#983,#492,.T.);
#1253=EDGE_CURVE('',#986,#984,#812,.T.);
#1254=EDGE_CURVE('',#986,#987,#493,.T.);
#1255=EDGE_CURVE('',#987,#985,#813,.T.);
#1256=EDGE_CURVE('',#988,#986,#814,.T.);
#1257=EDGE_CURVE('',#988,#989,#494,.T.);
#1258=EDGE_CURVE('',#989,#987,#815,.T.);
#1259=EDGE_CURVE('',#951,#988,#495,.T.);
#1260=EDGE_CURVE('',#953,#989,#496,.T.);
#1261=EDGE_CURVE('',#990,#991,#497,.T.);
#1262=EDGE_CURVE('',#990,#992,#498,.T.);
#1263=EDGE_CURVE('',#992,#993,#499,.T.);
#1264=EDGE_CURVE('',#991,#993,#500,.T.);
#1265=EDGE_CURVE('',#994,#990,#816,.T.);
#1266=EDGE_CURVE('',#994,#995,#501,.T.);
#1267=EDGE_CURVE('',#995,#992,#817,.T.);
#1268=EDGE_CURVE('',#996,#994,#502,.T.);
#1269=EDGE_CURVE('',#996,#997,#503,.T.);
#1270=EDGE_CURVE('',#997,#995,#504,.T.);
#1271=EDGE_CURVE('',#998,#996,#818,.T.);
#1272=EDGE_CURVE('',#998,#999,#505,.T.);
#1273=EDGE_CURVE('',#999,#997,#819,.T.);
#1274=EDGE_CURVE('',#1000,#998,#506,.T.);
#1275=EDGE_CURVE('',#1000,#1001,#507,.T.);
#1276=EDGE_CURVE('',#1001,#999,#508,.T.);
#1277=EDGE_CURVE('',#1002,#1000,#820,.T.);
#1278=EDGE_CURVE('',#1002,#1003,#509,.T.);
#1279=EDGE_CURVE('',#1003,#1001,#821,.T.);
#1280=EDGE_CURVE('',#1004,#1002,#822,.T.);
#1281=EDGE_CURVE('',#1004,#1005,#510,.T.);
#1282=EDGE_CURVE('',#1005,#1003,#823,.T.);
#1283=EDGE_CURVE('',#1006,#1004,#511,.T.);
#1284=EDGE_CURVE('',#1006,#1007,#512,.T.);
#1285=EDGE_CURVE('',#1007,#1005,#513,.T.);
#1286=EDGE_CURVE('',#1008,#1006,#824,.T.);
#1287=EDGE_CURVE('',#1008,#1009,#514,.T.);
#1288=EDGE_CURVE('',#1009,#1007,#825,.T.);
#1289=EDGE_CURVE('',#1010,#1008,#826,.T.);
#1290=EDGE_CURVE('',#1010,#1011,#515,.T.);
#1291=EDGE_CURVE('',#1011,#1009,#827,.T.);
#1292=EDGE_CURVE('',#1012,#1010,#516,.T.);
#1293=EDGE_CURVE('',#1012,#1013,#517,.T.);
#1294=EDGE_CURVE('',#1013,#1011,#518,.T.);
#1295=EDGE_CURVE('',#1014,#1012,#828,.T.);
#1296=EDGE_CURVE('',#1014,#1015,#519,.T.);
#1297=EDGE_CURVE('',#1015,#1013,#829,.T.);
#1298=EDGE_CURVE('',#1016,#1014,#520,.T.);
#1299=EDGE_CURVE('',#1016,#1017,#521,.T.);
#1300=EDGE_CURVE('',#1017,#1015,#522,.T.);
#1301=EDGE_CURVE('',#1018,#1016,#830,.T.);
#1302=EDGE_CURVE('',#1018,#1019,#523,.T.);
#1303=EDGE_CURVE('',#1019,#1017,#831,.T.);
#1304=EDGE_CURVE('',#1020,#1018,#524,.T.);
#1305=EDGE_CURVE('',#1020,#1021,#525,.T.);
#1306=EDGE_CURVE('',#1021,#1019,#526,.T.);
#1307=EDGE_CURVE('',#1022,#1020,#832,.T.);
#1308=EDGE_CURVE('',#1022,#1023,#527,.T.);
#1309=EDGE_CURVE('',#1023,#1021,#833,.T.);
#1310=EDGE_CURVE('',#1024,#1022,#834,.T.);
#1311=EDGE_CURVE('',#1024,#1025,#528,.T.);
#1312=EDGE_CURVE('',#1025,#1023,#835,.T.);
#1313=EDGE_CURVE('',#1026,#1024,#529,.T.);
#1314=EDGE_CURVE('',#1026,#1027,#530,.T.);
#1315=EDGE_CURVE('',#1027,#1025,#531,.T.);
#1316=EDGE_CURVE('',#1028,#1026,#836,.T.);
#1317=EDGE_CURVE('',#1028,#1029,#532,.T.);
#1318=EDGE_CURVE('',#1029,#1027,#837,.T.);
#1319=EDGE_CURVE('',#991,#1028,#838,.T.);
#1320=EDGE_CURVE('',#993,#1029,#839,.T.);
#1321=EDGE_CURVE('',#1030,#1031,#840,.T.);
#1322=EDGE_CURVE('',#1030,#1032,#533,.T.);
#1323=EDGE_CURVE('',#1033,#1032,#841,.T.);
#1324=EDGE_CURVE('',#1033,#1034,#534,.T.);
#1325=EDGE_CURVE('',#1035,#1034,#842,.T.);
#1326=EDGE_CURVE('',#1035,#1036,#535,.T.);
#1327=EDGE_CURVE('',#1037,#1036,#843,.T.);
#1328=EDGE_CURVE('',#1037,#1031,#536,.T.);
#1329=EDGE_CURVE('',#1038,#1039,#844,.T.);
#1330=EDGE_CURVE('',#1039,#1030,#537,.T.);
#1331=EDGE_CURVE('',#1031,#1038,#538,.T.);
#1332=EDGE_CURVE('',#1040,#1039,#539,.T.);
#1333=EDGE_CURVE('',#1032,#1040,#540,.T.);
#1334=EDGE_CURVE('',#1038,#1041,#541,.T.);
#1335=EDGE_CURVE('',#1042,#1041,#845,.T.);
#1336=EDGE_CURVE('',#1042,#1043,#542,.T.);
#1337=EDGE_CURVE('',#1044,#1043,#846,.T.);
#1338=EDGE_CURVE('',#1044,#1045,#543,.T.);
#1339=EDGE_CURVE('',#1040,#1045,#847,.T.);
#1340=EDGE_CURVE('',#1041,#1037,#544,.T.);
#1341=EDGE_CURVE('',#1036,#1042,#545,.T.);
#1342=EDGE_CURVE('',#1043,#1035,#546,.T.);
#1343=EDGE_CURVE('',#1034,#1044,#547,.T.);
#1344=EDGE_CURVE('',#1045,#1033,#548,.T.);
#1345=ORIENTED_EDGE('',*,*,#1046,.T.);
#1346=ORIENTED_EDGE('',*,*,#1047,.T.);
#1347=ORIENTED_EDGE('',*,*,#1048,.T.);
#1348=ORIENTED_EDGE('',*,*,#1049,.F.);
#1349=ORIENTED_EDGE('',*,*,#1048,.F.);
#1350=ORIENTED_EDGE('',*,*,#1050,.F.);
#1351=ORIENTED_EDGE('',*,*,#1051,.T.);
#1352=ORIENTED_EDGE('',*,*,#1046,.F.);
#1353=ORIENTED_EDGE('',*,*,#1047,.F.);
#1354=ORIENTED_EDGE('',*,*,#1051,.F.);
#1355=ORIENTED_EDGE('',*,*,#1052,.T.);
#1356=ORIENTED_EDGE('',*,*,#1053,.T.);
#1357=ORIENTED_EDGE('',*,*,#1054,.T.);
#1358=ORIENTED_EDGE('',*,*,#1055,.F.);
#1359=ORIENTED_EDGE('',*,*,#1054,.F.);
#1360=ORIENTED_EDGE('',*,*,#1056,.F.);
#1361=ORIENTED_EDGE('',*,*,#1057,.T.);
#1362=ORIENTED_EDGE('',*,*,#1052,.F.);
#1363=ORIENTED_EDGE('',*,*,#1053,.F.);
#1364=ORIENTED_EDGE('',*,*,#1057,.F.);
#1365=ORIENTED_EDGE('',*,*,#1058,.T.);
#1366=ORIENTED_EDGE('',*,*,#1059,.T.);
#1367=ORIENTED_EDGE('',*,*,#1060,.T.);
#1368=ORIENTED_EDGE('',*,*,#1061,.F.);
#1369=ORIENTED_EDGE('',*,*,#1060,.F.);
#1370=ORIENTED_EDGE('',*,*,#1062,.F.);
#1371=ORIENTED_EDGE('',*,*,#1063,.T.);
#1372=ORIENTED_EDGE('',*,*,#1058,.F.);
#1373=ORIENTED_EDGE('',*,*,#1059,.F.);
#1374=ORIENTED_EDGE('',*,*,#1063,.F.);
#1375=ORIENTED_EDGE('',*,*,#1064,.T.);
#1376=ORIENTED_EDGE('',*,*,#1065,.T.);
#1377=ORIENTED_EDGE('',*,*,#1066,.T.);
#1378=ORIENTED_EDGE('',*,*,#1067,.F.);
#1379=ORIENTED_EDGE('',*,*,#1066,.F.);
#1380=ORIENTED_EDGE('',*,*,#1068,.F.);
#1381=ORIENTED_EDGE('',*,*,#1069,.T.);
#1382=ORIENTED_EDGE('',*,*,#1064,.F.);
#1383=ORIENTED_EDGE('',*,*,#1065,.F.);
#1384=ORIENTED_EDGE('',*,*,#1069,.F.);
#1385=ORIENTED_EDGE('',*,*,#1070,.F.);
#1386=ORIENTED_EDGE('',*,*,#1071,.T.);
#1387=ORIENTED_EDGE('',*,*,#1072,.T.);
#1388=ORIENTED_EDGE('',*,*,#1071,.F.);
#1389=ORIENTED_EDGE('',*,*,#1072,.F.);
#1390=ORIENTED_EDGE('',*,*,#1073,.F.);
#1391=ORIENTED_EDGE('',*,*,#1074,.T.);
#1392=ORIENTED_EDGE('',*,*,#1075,.T.);
#1393=ORIENTED_EDGE('',*,*,#1076,.F.);
#1394=ORIENTED_EDGE('',*,*,#1077,.F.);
#1395=ORIENTED_EDGE('',*,*,#1078,.T.);
#1396=ORIENTED_EDGE('',*,*,#1079,.T.);
#1397=ORIENTED_EDGE('',*,*,#1074,.F.);
#1398=ORIENTED_EDGE('',*,*,#1080,.F.);
#1399=ORIENTED_EDGE('',*,*,#1081,.T.);
#1400=ORIENTED_EDGE('',*,*,#1082,.T.);
#1401=ORIENTED_EDGE('',*,*,#1078,.F.);
#1402=ORIENTED_EDGE('',*,*,#1083,.F.);
#1403=ORIENTED_EDGE('',*,*,#1084,.T.);
#1404=ORIENTED_EDGE('',*,*,#1085,.T.);
#1405=ORIENTED_EDGE('',*,*,#1081,.F.);
#1406=ORIENTED_EDGE('',*,*,#1086,.F.);
#1407=ORIENTED_EDGE('',*,*,#1076,.T.);
#1408=ORIENTED_EDGE('',*,*,#1087,.T.);
#1409=ORIENTED_EDGE('',*,*,#1084,.F.);
#1410=ORIENTED_EDGE('',*,*,#1087,.F.);
#1411=ORIENTED_EDGE('',*,*,#1075,.F.);
#1412=ORIENTED_EDGE('',*,*,#1079,.F.);
#1413=ORIENTED_EDGE('',*,*,#1082,.F.);
#1414=ORIENTED_EDGE('',*,*,#1085,.F.);
#1415=ORIENTED_EDGE('',*,*,#1088,.F.);
#1416=ORIENTED_EDGE('',*,*,#1089,.T.);
#1417=ORIENTED_EDGE('',*,*,#1090,.T.);
#1418=ORIENTED_EDGE('',*,*,#1091,.F.);
#1419=ORIENTED_EDGE('',*,*,#1092,.F.);
#1420=ORIENTED_EDGE('',*,*,#1093,.T.);
#1421=ORIENTED_EDGE('',*,*,#1094,.T.);
#1422=ORIENTED_EDGE('',*,*,#1089,.F.);
#1423=ORIENTED_EDGE('',*,*,#1095,.F.);
#1424=ORIENTED_EDGE('',*,*,#1096,.T.);
#1425=ORIENTED_EDGE('',*,*,#1097,.T.);
#1426=ORIENTED_EDGE('',*,*,#1093,.F.);
#1427=ORIENTED_EDGE('',*,*,#1098,.F.);
#1428=ORIENTED_EDGE('',*,*,#1099,.T.);
#1429=ORIENTED_EDGE('',*,*,#1100,.T.);
#1430=ORIENTED_EDGE('',*,*,#1096,.F.);
#1431=ORIENTED_EDGE('',*,*,#1101,.F.);
#1432=ORIENTED_EDGE('',*,*,#1091,.T.);
#1433=ORIENTED_EDGE('',*,*,#1102,.T.);
#1434=ORIENTED_EDGE('',*,*,#1099,.F.);
#1435=ORIENTED_EDGE('',*,*,#1102,.F.);
#1436=ORIENTED_EDGE('',*,*,#1090,.F.);
#1437=ORIENTED_EDGE('',*,*,#1094,.F.);
#1438=ORIENTED_EDGE('',*,*,#1097,.F.);
#1439=ORIENTED_EDGE('',*,*,#1100,.F.);
#1440=ORIENTED_EDGE('',*,*,#1103,.F.);
#1441=ORIENTED_EDGE('',*,*,#1104,.T.);
#1442=ORIENTED_EDGE('',*,*,#1105,.T.);
#1443=ORIENTED_EDGE('',*,*,#1106,.F.);
#1444=ORIENTED_EDGE('',*,*,#1107,.F.);
#1445=ORIENTED_EDGE('',*,*,#1108,.T.);
#1446=ORIENTED_EDGE('',*,*,#1109,.T.);
#1447=ORIENTED_EDGE('',*,*,#1104,.F.);
#1448=ORIENTED_EDGE('',*,*,#1110,.F.);
#1449=ORIENTED_EDGE('',*,*,#1111,.T.);
#1450=ORIENTED_EDGE('',*,*,#1112,.T.);
#1451=ORIENTED_EDGE('',*,*,#1108,.F.);
#1452=ORIENTED_EDGE('',*,*,#1113,.F.);
#1453=ORIENTED_EDGE('',*,*,#1114,.T.);
#1454=ORIENTED_EDGE('',*,*,#1115,.T.);
#1455=ORIENTED_EDGE('',*,*,#1111,.F.);
#1456=ORIENTED_EDGE('',*,*,#1116,.F.);
#1457=ORIENTED_EDGE('',*,*,#1106,.T.);
#1458=ORIENTED_EDGE('',*,*,#1117,.T.);
#1459=ORIENTED_EDGE('',*,*,#1114,.F.);
#1460=ORIENTED_EDGE('',*,*,#1117,.F.);
#1461=ORIENTED_EDGE('',*,*,#1105,.F.);
#1462=ORIENTED_EDGE('',*,*,#1109,.F.);
#1463=ORIENTED_EDGE('',*,*,#1112,.F.);
#1464=ORIENTED_EDGE('',*,*,#1115,.F.);
#1465=ORIENTED_EDGE('',*,*,#1118,.F.);
#1466=ORIENTED_EDGE('',*,*,#1119,.T.);
#1467=ORIENTED_EDGE('',*,*,#1120,.T.);
#1468=ORIENTED_EDGE('',*,*,#1121,.F.);
#1469=ORIENTED_EDGE('',*,*,#1122,.F.);
#1470=ORIENTED_EDGE('',*,*,#1123,.T.);
#1471=ORIENTED_EDGE('',*,*,#1124,.T.);
#1472=ORIENTED_EDGE('',*,*,#1119,.F.);
#1473=ORIENTED_EDGE('',*,*,#1125,.F.);
#1474=ORIENTED_EDGE('',*,*,#1126,.T.);
#1475=ORIENTED_EDGE('',*,*,#1127,.T.);
#1476=ORIENTED_EDGE('',*,*,#1123,.F.);
#1477=ORIENTED_EDGE('',*,*,#1128,.F.);
#1478=ORIENTED_EDGE('',*,*,#1129,.T.);
#1479=ORIENTED_EDGE('',*,*,#1130,.T.);
#1480=ORIENTED_EDGE('',*,*,#1126,.F.);
#1481=ORIENTED_EDGE('',*,*,#1131,.F.);
#1482=ORIENTED_EDGE('',*,*,#1121,.T.);
#1483=ORIENTED_EDGE('',*,*,#1132,.T.);
#1484=ORIENTED_EDGE('',*,*,#1129,.F.);
#1485=ORIENTED_EDGE('',*,*,#1132,.F.);
#1486=ORIENTED_EDGE('',*,*,#1120,.F.);
#1487=ORIENTED_EDGE('',*,*,#1124,.F.);
#1488=ORIENTED_EDGE('',*,*,#1127,.F.);
#1489=ORIENTED_EDGE('',*,*,#1130,.F.);
#1490=ORIENTED_EDGE('',*,*,#1133,.F.);
#1491=ORIENTED_EDGE('',*,*,#1134,.T.);
#1492=ORIENTED_EDGE('',*,*,#1049,.T.);
#1493=ORIENTED_EDGE('',*,*,#1134,.F.);
#1494=ORIENTED_EDGE('',*,*,#1135,.F.);
#1495=ORIENTED_EDGE('',*,*,#1136,.T.);
#1496=ORIENTED_EDGE('',*,*,#1067,.T.);
#1497=ORIENTED_EDGE('',*,*,#1136,.F.);
#1498=ORIENTED_EDGE('',*,*,#1137,.F.);
#1499=ORIENTED_EDGE('',*,*,#1138,.T.);
#1500=ORIENTED_EDGE('',*,*,#1055,.T.);
#1501=ORIENTED_EDGE('',*,*,#1138,.F.);
#1502=ORIENTED_EDGE('',*,*,#1139,.F.);
#1503=ORIENTED_EDGE('',*,*,#1140,.T.);
#1504=ORIENTED_EDGE('',*,*,#1061,.T.);
#1505=ORIENTED_EDGE('',*,*,#1140,.F.);
#1506=ORIENTED_EDGE('',*,*,#1141,.F.);
#1507=ORIENTED_EDGE('',*,*,#1142,.T.);
#1508=ORIENTED_EDGE('',*,*,#1143,.T.);
#1509=ORIENTED_EDGE('',*,*,#1144,.F.);
#1510=ORIENTED_EDGE('',*,*,#1145,.F.);
#1511=ORIENTED_EDGE('',*,*,#1146,.T.);
#1512=ORIENTED_EDGE('',*,*,#1147,.T.);
#1513=ORIENTED_EDGE('',*,*,#1142,.F.);
#1514=ORIENTED_EDGE('',*,*,#1148,.F.);
#1515=ORIENTED_EDGE('',*,*,#1149,.T.);
#1516=ORIENTED_EDGE('',*,*,#1150,.T.);
#1517=ORIENTED_EDGE('',*,*,#1146,.F.);
#1518=ORIENTED_EDGE('',*,*,#1151,.F.);
#1519=ORIENTED_EDGE('',*,*,#1152,.T.);
#1520=ORIENTED_EDGE('',*,*,#1153,.T.);
#1521=ORIENTED_EDGE('',*,*,#1149,.F.);
#1522=ORIENTED_EDGE('',*,*,#1154,.F.);
#1523=ORIENTED_EDGE('',*,*,#1155,.T.);
#1524=ORIENTED_EDGE('',*,*,#1156,.T.);
#1525=ORIENTED_EDGE('',*,*,#1152,.F.);
#1526=ORIENTED_EDGE('',*,*,#1157,.F.);
#1527=ORIENTED_EDGE('',*,*,#1158,.T.);
#1528=ORIENTED_EDGE('',*,*,#1159,.T.);
#1529=ORIENTED_EDGE('',*,*,#1155,.F.);
#1530=ORIENTED_EDGE('',*,*,#1160,.F.);
#1531=ORIENTED_EDGE('',*,*,#1161,.T.);
#1532=ORIENTED_EDGE('',*,*,#1162,.T.);
#1533=ORIENTED_EDGE('',*,*,#1158,.F.);
#1534=ORIENTED_EDGE('',*,*,#1163,.F.);
#1535=ORIENTED_EDGE('',*,*,#1164,.T.);
#1536=ORIENTED_EDGE('',*,*,#1165,.T.);
#1537=ORIENTED_EDGE('',*,*,#1161,.F.);
#1538=ORIENTED_EDGE('',*,*,#1166,.F.);
#1539=ORIENTED_EDGE('',*,*,#1167,.T.);
#1540=ORIENTED_EDGE('',*,*,#1168,.T.);
#1541=ORIENTED_EDGE('',*,*,#1164,.F.);
#1542=ORIENTED_EDGE('',*,*,#1169,.F.);
#1543=ORIENTED_EDGE('',*,*,#1170,.T.);
#1544=ORIENTED_EDGE('',*,*,#1171,.T.);
#1545=ORIENTED_EDGE('',*,*,#1167,.F.);
#1546=ORIENTED_EDGE('',*,*,#1172,.F.);
#1547=ORIENTED_EDGE('',*,*,#1173,.T.);
#1548=ORIENTED_EDGE('',*,*,#1174,.T.);
#1549=ORIENTED_EDGE('',*,*,#1170,.F.);
#1550=ORIENTED_EDGE('',*,*,#1175,.F.);
#1551=ORIENTED_EDGE('',*,*,#1176,.T.);
#1552=ORIENTED_EDGE('',*,*,#1177,.T.);
#1553=ORIENTED_EDGE('',*,*,#1173,.F.);
#1554=ORIENTED_EDGE('',*,*,#1178,.F.);
#1555=ORIENTED_EDGE('',*,*,#1179,.T.);
#1556=ORIENTED_EDGE('',*,*,#1180,.T.);
#1557=ORIENTED_EDGE('',*,*,#1176,.F.);
#1558=ORIENTED_EDGE('',*,*,#1181,.F.);
#1559=ORIENTED_EDGE('',*,*,#1182,.T.);
#1560=ORIENTED_EDGE('',*,*,#1183,.T.);
#1561=ORIENTED_EDGE('',*,*,#1179,.F.);
#1562=ORIENTED_EDGE('',*,*,#1184,.F.);
#1563=ORIENTED_EDGE('',*,*,#1185,.T.);
#1564=ORIENTED_EDGE('',*,*,#1186,.T.);
#1565=ORIENTED_EDGE('',*,*,#1182,.F.);
#1566=ORIENTED_EDGE('',*,*,#1187,.F.);
#1567=ORIENTED_EDGE('',*,*,#1188,.T.);
#1568=ORIENTED_EDGE('',*,*,#1189,.T.);
#1569=ORIENTED_EDGE('',*,*,#1185,.F.);
#1570=ORIENTED_EDGE('',*,*,#1190,.F.);
#1571=ORIENTED_EDGE('',*,*,#1191,.T.);
#1572=ORIENTED_EDGE('',*,*,#1192,.T.);
#1573=ORIENTED_EDGE('',*,*,#1188,.F.);
#1574=ORIENTED_EDGE('',*,*,#1193,.F.);
#1575=ORIENTED_EDGE('',*,*,#1194,.T.);
#1576=ORIENTED_EDGE('',*,*,#1195,.T.);
#1577=ORIENTED_EDGE('',*,*,#1191,.F.);
#1578=ORIENTED_EDGE('',*,*,#1196,.F.);
#1579=ORIENTED_EDGE('',*,*,#1197,.T.);
#1580=ORIENTED_EDGE('',*,*,#1198,.T.);
#1581=ORIENTED_EDGE('',*,*,#1194,.F.);
#1582=ORIENTED_EDGE('',*,*,#1199,.F.);
#1583=ORIENTED_EDGE('',*,*,#1144,.T.);
#1584=ORIENTED_EDGE('',*,*,#1200,.T.);
#1585=ORIENTED_EDGE('',*,*,#1197,.F.);
#1586=ORIENTED_EDGE('',*,*,#1200,.F.);
#1587=ORIENTED_EDGE('',*,*,#1143,.F.);
#1588=ORIENTED_EDGE('',*,*,#1147,.F.);
#1589=ORIENTED_EDGE('',*,*,#1150,.F.);
#1590=ORIENTED_EDGE('',*,*,#1153,.F.);
#1591=ORIENTED_EDGE('',*,*,#1156,.F.);
#1592=ORIENTED_EDGE('',*,*,#1159,.F.);
#1593=ORIENTED_EDGE('',*,*,#1162,.F.);
#1594=ORIENTED_EDGE('',*,*,#1165,.F.);
#1595=ORIENTED_EDGE('',*,*,#1168,.F.);
#1596=ORIENTED_EDGE('',*,*,#1171,.F.);
#1597=ORIENTED_EDGE('',*,*,#1174,.F.);
#1598=ORIENTED_EDGE('',*,*,#1177,.F.);
#1599=ORIENTED_EDGE('',*,*,#1180,.F.);
#1600=ORIENTED_EDGE('',*,*,#1183,.F.);
#1601=ORIENTED_EDGE('',*,*,#1186,.F.);
#1602=ORIENTED_EDGE('',*,*,#1189,.F.);
#1603=ORIENTED_EDGE('',*,*,#1192,.F.);
#1604=ORIENTED_EDGE('',*,*,#1195,.F.);
#1605=ORIENTED_EDGE('',*,*,#1198,.F.);
#1606=ORIENTED_EDGE('',*,*,#1201,.F.);
#1607=ORIENTED_EDGE('',*,*,#1202,.T.);
#1608=ORIENTED_EDGE('',*,*,#1203,.T.);
#1609=ORIENTED_EDGE('',*,*,#1204,.F.);
#1610=ORIENTED_EDGE('',*,*,#1205,.F.);
#1611=ORIENTED_EDGE('',*,*,#1206,.T.);
#1612=ORIENTED_EDGE('',*,*,#1207,.T.);
#1613=ORIENTED_EDGE('',*,*,#1202,.F.);
#1614=ORIENTED_EDGE('',*,*,#1208,.F.);
#1615=ORIENTED_EDGE('',*,*,#1209,.T.);
#1616=ORIENTED_EDGE('',*,*,#1210,.T.);
#1617=ORIENTED_EDGE('',*,*,#1206,.F.);
#1618=ORIENTED_EDGE('',*,*,#1211,.F.);
#1619=ORIENTED_EDGE('',*,*,#1212,.T.);
#1620=ORIENTED_EDGE('',*,*,#1213,.T.);
#1621=ORIENTED_EDGE('',*,*,#1209,.F.);
#1622=ORIENTED_EDGE('',*,*,#1214,.F.);
#1623=ORIENTED_EDGE('',*,*,#1215,.T.);
#1624=ORIENTED_EDGE('',*,*,#1216,.T.);
#1625=ORIENTED_EDGE('',*,*,#1212,.F.);
#1626=ORIENTED_EDGE('',*,*,#1217,.F.);
#1627=ORIENTED_EDGE('',*,*,#1218,.T.);
#1628=ORIENTED_EDGE('',*,*,#1219,.T.);
#1629=ORIENTED_EDGE('',*,*,#1215,.F.);
#1630=ORIENTED_EDGE('',*,*,#1220,.F.);
#1631=ORIENTED_EDGE('',*,*,#1221,.T.);
#1632=ORIENTED_EDGE('',*,*,#1222,.T.);
#1633=ORIENTED_EDGE('',*,*,#1218,.F.);
#1634=ORIENTED_EDGE('',*,*,#1223,.F.);
#1635=ORIENTED_EDGE('',*,*,#1224,.T.);
#1636=ORIENTED_EDGE('',*,*,#1225,.T.);
#1637=ORIENTED_EDGE('',*,*,#1221,.F.);
#1638=ORIENTED_EDGE('',*,*,#1226,.F.);
#1639=ORIENTED_EDGE('',*,*,#1227,.T.);
#1640=ORIENTED_EDGE('',*,*,#1228,.T.);
#1641=ORIENTED_EDGE('',*,*,#1224,.F.);
#1642=ORIENTED_EDGE('',*,*,#1229,.F.);
#1643=ORIENTED_EDGE('',*,*,#1230,.T.);
#1644=ORIENTED_EDGE('',*,*,#1231,.T.);
#1645=ORIENTED_EDGE('',*,*,#1227,.F.);
#1646=ORIENTED_EDGE('',*,*,#1232,.F.);
#1647=ORIENTED_EDGE('',*,*,#1233,.T.);
#1648=ORIENTED_EDGE('',*,*,#1234,.T.);
#1649=ORIENTED_EDGE('',*,*,#1230,.F.);
#1650=ORIENTED_EDGE('',*,*,#1235,.F.);
#1651=ORIENTED_EDGE('',*,*,#1236,.T.);
#1652=ORIENTED_EDGE('',*,*,#1237,.T.);
#1653=ORIENTED_EDGE('',*,*,#1233,.F.);
#1654=ORIENTED_EDGE('',*,*,#1238,.F.);
#1655=ORIENTED_EDGE('',*,*,#1239,.T.);
#1656=ORIENTED_EDGE('',*,*,#1240,.T.);
#1657=ORIENTED_EDGE('',*,*,#1236,.F.);
#1658=ORIENTED_EDGE('',*,*,#1241,.F.);
#1659=ORIENTED_EDGE('',*,*,#1242,.T.);
#1660=ORIENTED_EDGE('',*,*,#1243,.T.);
#1661=ORIENTED_EDGE('',*,*,#1239,.F.);
#1662=ORIENTED_EDGE('',*,*,#1244,.F.);
#1663=ORIENTED_EDGE('',*,*,#1245,.T.);
#1664=ORIENTED_EDGE('',*,*,#1246,.T.);
#1665=ORIENTED_EDGE('',*,*,#1242,.F.);
#1666=ORIENTED_EDGE('',*,*,#1247,.F.);
#1667=ORIENTED_EDGE('',*,*,#1248,.T.);
#1668=ORIENTED_EDGE('',*,*,#1249,.T.);
#1669=ORIENTED_EDGE('',*,*,#1245,.F.);
#1670=ORIENTED_EDGE('',*,*,#1250,.F.);
#1671=ORIENTED_EDGE('',*,*,#1251,.T.);
#1672=ORIENTED_EDGE('',*,*,#1252,.T.);
#1673=ORIENTED_EDGE('',*,*,#1248,.F.);
#1674=ORIENTED_EDGE('',*,*,#1253,.F.);
#1675=ORIENTED_EDGE('',*,*,#1254,.T.);
#1676=ORIENTED_EDGE('',*,*,#1255,.T.);
#1677=ORIENTED_EDGE('',*,*,#1251,.F.);
#1678=ORIENTED_EDGE('',*,*,#1256,.F.);
#1679=ORIENTED_EDGE('',*,*,#1257,.T.);
#1680=ORIENTED_EDGE('',*,*,#1258,.T.);
#1681=ORIENTED_EDGE('',*,*,#1254,.F.);
#1682=ORIENTED_EDGE('',*,*,#1259,.F.);
#1683=ORIENTED_EDGE('',*,*,#1204,.T.);
#1684=ORIENTED_EDGE('',*,*,#1260,.T.);
#1685=ORIENTED_EDGE('',*,*,#1257,.F.);
#1686=ORIENTED_EDGE('',*,*,#1261,.F.);
#1687=ORIENTED_EDGE('',*,*,#1262,.T.);
#1688=ORIENTED_EDGE('',*,*,#1263,.T.);
#1689=ORIENTED_EDGE('',*,*,#1264,.F.);
#1690=ORIENTED_EDGE('',*,*,#1265,.F.);
#1691=ORIENTED_EDGE('',*,*,#1266,.T.);
#1692=ORIENTED_EDGE('',*,*,#1267,.T.);
#1693=ORIENTED_EDGE('',*,*,#1262,.F.);
#1694=ORIENTED_EDGE('',*,*,#1268,.F.);
#1695=ORIENTED_EDGE('',*,*,#1269,.T.);
#1696=ORIENTED_EDGE('',*,*,#1270,.T.);
#1697=ORIENTED_EDGE('',*,*,#1266,.F.);
#1698=ORIENTED_EDGE('',*,*,#1271,.F.);
#1699=ORIENTED_EDGE('',*,*,#1272,.T.);
#1700=ORIENTED_EDGE('',*,*,#1273,.T.);
#1701=ORIENTED_EDGE('',*,*,#1269,.F.);
#1702=ORIENTED_EDGE('',*,*,#1274,.F.);
#1703=ORIENTED_EDGE('',*,*,#1275,.T.);
#1704=ORIENTED_EDGE('',*,*,#1276,.T.);
#1705=ORIENTED_EDGE('',*,*,#1272,.F.);
#1706=ORIENTED_EDGE('',*,*,#1277,.F.);
#1707=ORIENTED_EDGE('',*,*,#1278,.T.);
#1708=ORIENTED_EDGE('',*,*,#1279,.T.);
#1709=ORIENTED_EDGE('',*,*,#1275,.F.);
#1710=ORIENTED_EDGE('',*,*,#1280,.F.);
#1711=ORIENTED_EDGE('',*,*,#1281,.T.);
#1712=ORIENTED_EDGE('',*,*,#1282,.T.);
#1713=ORIENTED_EDGE('',*,*,#1278,.F.);
#1714=ORIENTED_EDGE('',*,*,#1283,.F.);
#1715=ORIENTED_EDGE('',*,*,#1284,.T.);
#1716=ORIENTED_EDGE('',*,*,#1285,.T.);
#1717=ORIENTED_EDGE('',*,*,#1281,.F.);
#1718=ORIENTED_EDGE('',*,*,#1286,.F.);
#1719=ORIENTED_EDGE('',*,*,#1287,.T.);
#1720=ORIENTED_EDGE('',*,*,#1288,.T.);
#1721=ORIENTED_EDGE('',*,*,#1284,.F.);
#1722=ORIENTED_EDGE('',*,*,#1289,.F.);
#1723=ORIENTED_EDGE('',*,*,#1290,.T.);
#1724=ORIENTED_EDGE('',*,*,#1291,.T.);
#1725=ORIENTED_EDGE('',*,*,#1287,.F.);
#1726=ORIENTED_EDGE('',*,*,#1292,.F.);
#1727=ORIENTED_EDGE('',*,*,#1293,.T.);
#1728=ORIENTED_EDGE('',*,*,#1294,.T.);
#1729=ORIENTED_EDGE('',*,*,#1290,.F.);
#1730=ORIENTED_EDGE('',*,*,#1295,.F.);
#1731=ORIENTED_EDGE('',*,*,#1296,.T.);
#1732=ORIENTED_EDGE('',*,*,#1297,.T.);
#1733=ORIENTED_EDGE('',*,*,#1293,.F.);
#1734=ORIENTED_EDGE('',*,*,#1298,.F.);
#1735=ORIENTED_EDGE('',*,*,#1299,.T.);
#1736=ORIENTED_EDGE('',*,*,#1300,.T.);
#1737=ORIENTED_EDGE('',*,*,#1296,.F.);
#1738=ORIENTED_EDGE('',*,*,#1301,.F.);
#1739=ORIENTED_EDGE('',*,*,#1302,.T.);
#1740=ORIENTED_EDGE('',*,*,#1303,.T.);
#1741=ORIENTED_EDGE('',*,*,#1299,.F.);
#1742=ORIENTED_EDGE('',*,*,#1304,.F.);
#1743=ORIENTED_EDGE('',*,*,#1305,.T.);
#1744=ORIENTED_EDGE('',*,*,#1306,.T.);
#1745=ORIENTED_EDGE('',*,*,#1302,.F.);
#1746=ORIENTED_EDGE('',*,*,#1307,.F.);
#1747=ORIENTED_EDGE('',*,*,#1308,.T.);
#1748=ORIENTED_EDGE('',*,*,#1309,.T.);
#1749=ORIENTED_EDGE('',*,*,#1305,.F.);
#1750=ORIENTED_EDGE('',*,*,#1310,.F.);
#1751=ORIENTED_EDGE('',*,*,#1311,.T.);
#1752=ORIENTED_EDGE('',*,*,#1312,.T.);
#1753=ORIENTED_EDGE('',*,*,#1308,.F.);
#1754=ORIENTED_EDGE('',*,*,#1313,.F.);
#1755=ORIENTED_EDGE('',*,*,#1314,.T.);
#1756=ORIENTED_EDGE('',*,*,#1315,.T.);
#1757=ORIENTED_EDGE('',*,*,#1311,.F.);
#1758=ORIENTED_EDGE('',*,*,#1316,.F.);
#1759=ORIENTED_EDGE('',*,*,#1317,.T.);
#1760=ORIENTED_EDGE('',*,*,#1318,.T.);
#1761=ORIENTED_EDGE('',*,*,#1314,.F.);
#1762=ORIENTED_EDGE('',*,*,#1319,.F.);
#1763=ORIENTED_EDGE('',*,*,#1264,.T.);
#1764=ORIENTED_EDGE('',*,*,#1320,.T.);
#1765=ORIENTED_EDGE('',*,*,#1317,.F.);
#1766=ORIENTED_EDGE('',*,*,#1320,.F.);
#1767=ORIENTED_EDGE('',*,*,#1263,.F.);
#1768=ORIENTED_EDGE('',*,*,#1267,.F.);
#1769=ORIENTED_EDGE('',*,*,#1270,.F.);
#1770=ORIENTED_EDGE('',*,*,#1273,.F.);
#1771=ORIENTED_EDGE('',*,*,#1276,.F.);
#1772=ORIENTED_EDGE('',*,*,#1279,.F.);
#1773=ORIENTED_EDGE('',*,*,#1282,.F.);
#1774=ORIENTED_EDGE('',*,*,#1285,.F.);
#1775=ORIENTED_EDGE('',*,*,#1288,.F.);
#1776=ORIENTED_EDGE('',*,*,#1291,.F.);
#1777=ORIENTED_EDGE('',*,*,#1294,.F.);
#1778=ORIENTED_EDGE('',*,*,#1297,.F.);
#1779=ORIENTED_EDGE('',*,*,#1300,.F.);
#1780=ORIENTED_EDGE('',*,*,#1303,.F.);
#1781=ORIENTED_EDGE('',*,*,#1306,.F.);
#1782=ORIENTED_EDGE('',*,*,#1309,.F.);
#1783=ORIENTED_EDGE('',*,*,#1312,.F.);
#1784=ORIENTED_EDGE('',*,*,#1315,.F.);
#1785=ORIENTED_EDGE('',*,*,#1318,.F.);
#1786=ORIENTED_EDGE('',*,*,#1260,.F.);
#1787=ORIENTED_EDGE('',*,*,#1203,.F.);
#1788=ORIENTED_EDGE('',*,*,#1207,.F.);
#1789=ORIENTED_EDGE('',*,*,#1210,.F.);
#1790=ORIENTED_EDGE('',*,*,#1213,.F.);
#1791=ORIENTED_EDGE('',*,*,#1216,.F.);
#1792=ORIENTED_EDGE('',*,*,#1219,.F.);
#1793=ORIENTED_EDGE('',*,*,#1222,.F.);
#1794=ORIENTED_EDGE('',*,*,#1225,.F.);
#1795=ORIENTED_EDGE('',*,*,#1228,.F.);
#1796=ORIENTED_EDGE('',*,*,#1231,.F.);
#1797=ORIENTED_EDGE('',*,*,#1234,.F.);
#1798=ORIENTED_EDGE('',*,*,#1237,.F.);
#1799=ORIENTED_EDGE('',*,*,#1240,.F.);
#1800=ORIENTED_EDGE('',*,*,#1243,.F.);
#1801=ORIENTED_EDGE('',*,*,#1246,.F.);
#1802=ORIENTED_EDGE('',*,*,#1249,.F.);
#1803=ORIENTED_EDGE('',*,*,#1252,.F.);
#1804=ORIENTED_EDGE('',*,*,#1255,.F.);
#1805=ORIENTED_EDGE('',*,*,#1258,.F.);
#1806=ORIENTED_EDGE('',*,*,#1321,.F.);
#1807=ORIENTED_EDGE('',*,*,#1322,.T.);
#1808=ORIENTED_EDGE('',*,*,#1323,.F.);
#1809=ORIENTED_EDGE('',*,*,#1324,.T.);
#1810=ORIENTED_EDGE('',*,*,#1325,.F.);
#1811=ORIENTED_EDGE('',*,*,#1326,.T.);
#1812=ORIENTED_EDGE('',*,*,#1327,.F.);
#1813=ORIENTED_EDGE('',*,*,#1328,.T.);
#1814=ORIENTED_EDGE('',*,*,#1070,.T.);
#1815=ORIENTED_EDGE('',*,*,#1073,.T.);
#1816=ORIENTED_EDGE('',*,*,#1086,.T.);
#1817=ORIENTED_EDGE('',*,*,#1083,.T.);
#1818=ORIENTED_EDGE('',*,*,#1080,.T.);
#1819=ORIENTED_EDGE('',*,*,#1077,.T.);
#1820=ORIENTED_EDGE('',*,*,#1088,.T.);
#1821=ORIENTED_EDGE('',*,*,#1101,.T.);
#1822=ORIENTED_EDGE('',*,*,#1098,.T.);
#1823=ORIENTED_EDGE('',*,*,#1095,.T.);
#1824=ORIENTED_EDGE('',*,*,#1092,.T.);
#1825=ORIENTED_EDGE('',*,*,#1103,.T.);
#1826=ORIENTED_EDGE('',*,*,#1116,.T.);
#1827=ORIENTED_EDGE('',*,*,#1113,.T.);
#1828=ORIENTED_EDGE('',*,*,#1110,.T.);
#1829=ORIENTED_EDGE('',*,*,#1107,.T.);
#1830=ORIENTED_EDGE('',*,*,#1118,.T.);
#1831=ORIENTED_EDGE('',*,*,#1131,.T.);
#1832=ORIENTED_EDGE('',*,*,#1128,.T.);
#1833=ORIENTED_EDGE('',*,*,#1125,.T.);
#1834=ORIENTED_EDGE('',*,*,#1122,.T.);
#1835=ORIENTED_EDGE('',*,*,#1056,.T.);
#1836=ORIENTED_EDGE('',*,*,#1068,.T.);
#1837=ORIENTED_EDGE('',*,*,#1050,.T.);
#1838=ORIENTED_EDGE('',*,*,#1062,.T.);
#1839=ORIENTED_EDGE('',*,*,#1261,.T.);
#1840=ORIENTED_EDGE('',*,*,#1319,.T.);
#1841=ORIENTED_EDGE('',*,*,#1316,.T.);
#1842=ORIENTED_EDGE('',*,*,#1313,.T.);
#1843=ORIENTED_EDGE('',*,*,#1310,.T.);
#1844=ORIENTED_EDGE('',*,*,#1307,.T.);
#1845=ORIENTED_EDGE('',*,*,#1304,.T.);
#1846=ORIENTED_EDGE('',*,*,#1301,.T.);
#1847=ORIENTED_EDGE('',*,*,#1298,.T.);
#1848=ORIENTED_EDGE('',*,*,#1295,.T.);
#1849=ORIENTED_EDGE('',*,*,#1292,.T.);
#1850=ORIENTED_EDGE('',*,*,#1289,.T.);
#1851=ORIENTED_EDGE('',*,*,#1286,.T.);
#1852=ORIENTED_EDGE('',*,*,#1283,.T.);
#1853=ORIENTED_EDGE('',*,*,#1280,.T.);
#1854=ORIENTED_EDGE('',*,*,#1277,.T.);
#1855=ORIENTED_EDGE('',*,*,#1274,.T.);
#1856=ORIENTED_EDGE('',*,*,#1271,.T.);
#1857=ORIENTED_EDGE('',*,*,#1268,.T.);
#1858=ORIENTED_EDGE('',*,*,#1265,.T.);
#1859=ORIENTED_EDGE('',*,*,#1329,.T.);
#1860=ORIENTED_EDGE('',*,*,#1330,.T.);
#1861=ORIENTED_EDGE('',*,*,#1321,.T.);
#1862=ORIENTED_EDGE('',*,*,#1331,.T.);
#1863=ORIENTED_EDGE('',*,*,#1330,.F.);
#1864=ORIENTED_EDGE('',*,*,#1332,.F.);
#1865=ORIENTED_EDGE('',*,*,#1333,.F.);
#1866=ORIENTED_EDGE('',*,*,#1322,.F.);
#1867=ORIENTED_EDGE('',*,*,#1329,.F.);
#1868=ORIENTED_EDGE('',*,*,#1334,.T.);
#1869=ORIENTED_EDGE('',*,*,#1335,.F.);
#1870=ORIENTED_EDGE('',*,*,#1336,.T.);
#1871=ORIENTED_EDGE('',*,*,#1337,.F.);
#1872=ORIENTED_EDGE('',*,*,#1338,.T.);
#1873=ORIENTED_EDGE('',*,*,#1339,.F.);
#1874=ORIENTED_EDGE('',*,*,#1332,.T.);
#1875=ORIENTED_EDGE('',*,*,#1133,.T.);
#1876=ORIENTED_EDGE('',*,*,#1135,.T.);
#1877=ORIENTED_EDGE('',*,*,#1137,.T.);
#1878=ORIENTED_EDGE('',*,*,#1139,.T.);
#1879=ORIENTED_EDGE('',*,*,#1335,.T.);
#1880=ORIENTED_EDGE('',*,*,#1340,.T.);
#1881=ORIENTED_EDGE('',*,*,#1327,.T.);
#1882=ORIENTED_EDGE('',*,*,#1341,.T.);
#1883=ORIENTED_EDGE('',*,*,#1341,.F.);
#1884=ORIENTED_EDGE('',*,*,#1326,.F.);
#1885=ORIENTED_EDGE('',*,*,#1342,.F.);
#1886=ORIENTED_EDGE('',*,*,#1336,.F.);
#1887=ORIENTED_EDGE('',*,*,#1337,.T.);
#1888=ORIENTED_EDGE('',*,*,#1342,.T.);
#1889=ORIENTED_EDGE('',*,*,#1325,.T.);
#1890=ORIENTED_EDGE('',*,*,#1343,.T.);
#1891=ORIENTED_EDGE('',*,*,#1339,.T.);
#1892=ORIENTED_EDGE('',*,*,#1344,.T.);
#1893=ORIENTED_EDGE('',*,*,#1323,.T.);
#1894=ORIENTED_EDGE('',*,*,#1333,.T.);
#1895=ORIENTED_EDGE('',*,*,#1343,.F.);
#1896=ORIENTED_EDGE('',*,*,#1324,.F.);
#1897=ORIENTED_EDGE('',*,*,#1344,.F.);
#1898=ORIENTED_EDGE('',*,*,#1338,.F.);
#1899=ORIENTED_EDGE('',*,*,#1331,.F.);
#1900=ORIENTED_EDGE('',*,*,#1328,.F.);
#1901=ORIENTED_EDGE('',*,*,#1340,.F.);
#1902=ORIENTED_EDGE('',*,*,#1334,.F.);
#1903=ORIENTED_EDGE('',*,*,#1201,.T.);
#1904=ORIENTED_EDGE('',*,*,#1259,.T.);
#1905=ORIENTED_EDGE('',*,*,#1256,.T.);
#1906=ORIENTED_EDGE('',*,*,#1253,.T.);
#1907=ORIENTED_EDGE('',*,*,#1250,.T.);
#1908=ORIENTED_EDGE('',*,*,#1247,.T.);
#1909=ORIENTED_EDGE('',*,*,#1244,.T.);
#1910=ORIENTED_EDGE('',*,*,#1241,.T.);
#1911=ORIENTED_EDGE('',*,*,#1238,.T.);
#1912=ORIENTED_EDGE('',*,*,#1235,.T.);
#1913=ORIENTED_EDGE('',*,*,#1232,.T.);
#1914=ORIENTED_EDGE('',*,*,#1229,.T.);
#1915=ORIENTED_EDGE('',*,*,#1226,.T.);
#1916=ORIENTED_EDGE('',*,*,#1223,.T.);
#1917=ORIENTED_EDGE('',*,*,#1220,.T.);
#1918=ORIENTED_EDGE('',*,*,#1217,.T.);
#1919=ORIENTED_EDGE('',*,*,#1214,.T.);
#1920=ORIENTED_EDGE('',*,*,#1211,.T.);
#1921=ORIENTED_EDGE('',*,*,#1208,.T.);
#1922=ORIENTED_EDGE('',*,*,#1205,.T.);
#1923=ORIENTED_EDGE('',*,*,#1141,.T.);
#1924=ORIENTED_EDGE('',*,*,#1199,.T.);
#1925=ORIENTED_EDGE('',*,*,#1196,.T.);
#1926=ORIENTED_EDGE('',*,*,#1193,.T.);
#1927=ORIENTED_EDGE('',*,*,#1190,.T.);
#1928=ORIENTED_EDGE('',*,*,#1187,.T.);
#1929=ORIENTED_EDGE('',*,*,#1184,.T.);
#1930=ORIENTED_EDGE('',*,*,#1181,.T.);
#1931=ORIENTED_EDGE('',*,*,#1178,.T.);
#1932=ORIENTED_EDGE('',*,*,#1175,.T.);
#1933=ORIENTED_EDGE('',*,*,#1172,.T.);
#1934=ORIENTED_EDGE('',*,*,#1169,.T.);
#1935=ORIENTED_EDGE('',*,*,#1166,.T.);
#1936=ORIENTED_EDGE('',*,*,#1163,.T.);
#1937=ORIENTED_EDGE('',*,*,#1160,.T.);
#1938=ORIENTED_EDGE('',*,*,#1157,.T.);
#1939=ORIENTED_EDGE('',*,*,#1154,.T.);
#1940=ORIENTED_EDGE('',*,*,#1151,.T.);
#1941=ORIENTED_EDGE('',*,*,#1148,.T.);
#1942=ORIENTED_EDGE('',*,*,#1145,.T.);
#1943=CONICAL_SURFACE('',#2072,3.25,0.785398163397449);
#1944=CONICAL_SURFACE('',#2078,3.25,0.785398163397449);
#1945=CONICAL_SURFACE('',#2084,3.25,0.785398163397449);
#1946=CONICAL_SURFACE('',#2090,3.25,0.785398163397449);
#1947=ADVANCED_FACE('',(#138),#1943,.F.);
#1948=ADVANCED_FACE('',(#139),#77,.F.);
#1949=ADVANCED_FACE('',(#140),#1944,.F.);
#1950=ADVANCED_FACE('',(#141),#78,.F.);
#1951=ADVANCED_FACE('',(#142),#1945,.F.);
#1952=ADVANCED_FACE('',(#143),#79,.F.);
#1953=ADVANCED_FACE('',(#144),#1946,.F.);
#1954=ADVANCED_FACE('',(#145),#80,.F.);
#1955=ADVANCED_FACE('',(#146),#81,.F.);
#1956=ADVANCED_FACE('',(#147),#31,.F.);
#1957=ADVANCED_FACE('',(#148),#82,.T.);
#1958=ADVANCED_FACE('',(#149),#32,.F.);
#1959=ADVANCED_FACE('',(#150),#83,.F.);
#1960=ADVANCED_FACE('',(#151),#84,.T.);
#1961=ADVANCED_FACE('',(#152),#33,.F.);
#1962=ADVANCED_FACE('',(#153),#34,.F.);
#1963=ADVANCED_FACE('',(#154),#35,.F.);
#1964=ADVANCED_FACE('',(#155),#85,.T.);
#1965=ADVANCED_FACE('',(#156),#36,.F.);
#1966=ADVANCED_FACE('',(#157),#86,.T.);
#1967=ADVANCED_FACE('',(#158),#87,.F.);
#1968=ADVANCED_FACE('',(#159),#37,.F.);
#1969=ADVANCED_FACE('',(#160),#88,.T.);
#1970=ADVANCED_FACE('',(#161),#38,.F.);
#1971=ADVANCED_FACE('',(#162),#89,.T.);
#1972=ADVANCED_FACE('',(#163),#90,.F.);
#1973=ADVANCED_FACE('',(#164),#39,.F.);
#1974=ADVANCED_FACE('',(#165),#40,.F.);
#1975=ADVANCED_FACE('',(#166),#41,.F.);
#1976=ADVANCED_FACE('',(#167),#91,.F.);
#1977=ADVANCED_FACE('',(#168),#92,.T.);
#1978=ADVANCED_FACE('',(#169),#42,.F.);
#1979=ADVANCED_FACE('',(#170),#93,.T.);
#1980=ADVANCED_FACE('',(#171),#43,.F.);
#1981=ADVANCED_FACE('',(#172),#94,.F.);
#1982=ADVANCED_FACE('',(#173),#95,.F.);
#1983=ADVANCED_FACE('',(#174),#96,.F.);
#1984=ADVANCED_FACE('',(#175),#97,.F.);
#1985=ADVANCED_FACE('',(#176),#44,.F.);
#1986=ADVANCED_FACE('',(#177),#98,.F.);
#1987=ADVANCED_FACE('',(#178),#99,.T.);
#1988=ADVANCED_FACE('',(#179),#45,.F.);
#1989=ADVANCED_FACE('',(#180),#100,.F.);
#1990=ADVANCED_FACE('',(#181),#46,.F.);
#1991=ADVANCED_FACE('',(#182),#101,.F.);
#1992=ADVANCED_FACE('',(#183),#47,.F.);
#1993=ADVANCED_FACE('',(#184),#102,.T.);
#1994=ADVANCED_FACE('',(#185),#103,.F.);
#1995=ADVANCED_FACE('',(#186),#48,.F.);
#1996=ADVANCED_FACE('',(#187),#104,.F.);
#1997=ADVANCED_FACE('',(#188),#105,.T.);
#1998=ADVANCED_FACE('',(#189),#49,.F.);
#1999=ADVANCED_FACE('',(#190),#106,.F.);
#2000=ADVANCED_FACE('',(#191),#50,.F.);
#2001=ADVANCED_FACE('',(#192),#107,.F.);
#2002=ADVANCED_FACE('',(#193),#51,.F.);
#2003=ADVANCED_FACE('',(#194),#108,.T.);
#2004=ADVANCED_FACE('',(#195),#109,.F.);
#2005=ADVANCED_FACE('',(#196),#52,.F.);
#2006=ADVANCED_FACE('',(#197),#110,.T.);
#2007=ADVANCED_FACE('',(#198),#111,.F.);
#2008=ADVANCED_FACE('',(#199),#53,.F.);
#2009=ADVANCED_FACE('',(#200),#112,.T.);
#2010=ADVANCED_FACE('',(#201),#54,.F.);
#2011=ADVANCED_FACE('',(#202),#113,.T.);
#2012=ADVANCED_FACE('',(#203),#55,.F.);
#2013=ADVANCED_FACE('',(#204),#114,.F.);
#2014=ADVANCED_FACE('',(#205),#115,.T.);
#2015=ADVANCED_FACE('',(#206),#56,.F.);
#2016=ADVANCED_FACE('',(#207),#116,.T.);
#2017=ADVANCED_FACE('',(#208),#117,.F.);
#2018=ADVANCED_FACE('',(#209),#57,.F.);
#2019=ADVANCED_FACE('',(#210),#118,.T.);
#2020=ADVANCED_FACE('',(#211),#58,.F.);
#2021=ADVANCED_FACE('',(#212),#119,.T.);
#2022=ADVANCED_FACE('',(#213),#59,.F.);
#2023=ADVANCED_FACE('',(#214),#120,.F.);
#2024=ADVANCED_FACE('',(#215),#121,.T.);
#2025=ADVANCED_FACE('',(#216),#60,.F.);
#2026=ADVANCED_FACE('',(#217),#61,.F.);
#2027=ADVANCED_FACE('',(#218),#122,.F.);
#2028=ADVANCED_FACE('',(#219),#62,.F.);
#2029=ADVANCED_FACE('',(#220),#123,.F.);
#2030=ADVANCED_FACE('',(#221),#63,.F.);
#2031=ADVANCED_FACE('',(#222),#124,.T.);
#2032=ADVANCED_FACE('',(#223),#125,.F.);
#2033=ADVANCED_FACE('',(#224),#64,.F.);
#2034=ADVANCED_FACE('',(#225),#126,.F.);
#2035=ADVANCED_FACE('',(#226),#127,.T.);
#2036=ADVANCED_FACE('',(#227),#65,.F.);
#2037=ADVANCED_FACE('',(#228),#128,.F.);
#2038=ADVANCED_FACE('',(#229),#66,.F.);
#2039=ADVANCED_FACE('',(#230),#129,.F.);
#2040=ADVANCED_FACE('',(#231),#67,.F.);
#2041=ADVANCED_FACE('',(#232),#130,.T.);
#2042=ADVANCED_FACE('',(#233),#131,.F.);
#2043=ADVANCED_FACE('',(#234),#68,.F.);
#2044=ADVANCED_FACE('',(#235),#132,.F.);
#2045=ADVANCED_FACE('',(#236),#133,.T.);
#2046=ADVANCED_FACE('',(#237,#15),#69,.F.);
#2047=ADVANCED_FACE('',(#238,#16,#17,#18,#19,#20,#21,#22,#23,#24,#25),#70,
 .F.);
#2048=ADVANCED_FACE('',(#239),#134,.T.);
#2049=ADVANCED_FACE('',(#240),#71,.T.);
#2050=ADVANCED_FACE('',(#241,#26,#27,#28,#29),#72,.T.);
#2051=ADVANCED_FACE('',(#242),#135,.T.);
#2052=ADVANCED_FACE('',(#243),#73,.T.);
#2053=ADVANCED_FACE('',(#244),#136,.T.);
#2054=ADVANCED_FACE('',(#245),#137,.T.);
#2055=ADVANCED_FACE('',(#246),#74,.T.);
#2056=ADVANCED_FACE('',(#247),#75,.T.);
#2057=ADVANCED_FACE('',(#248,#30),#76,.F.);
#2058=CLOSED_SHELL('',(#1947,#1948,#1949,#1950,#1951,#1952,#1953,#1954,
#1955,#1956,#1957,#1958,#1959,#1960,#1961,#1962,#1963,#1964,#1965,#1966,
#1967,#1968,#1969,#1970,#1971,#1972,#1973,#1974,#1975,#1976,#1977,#1978,
#1979,#1980,#1981,#1982,#1983,#1984,#1985,#1986,#1987,#1988,#1989,#1990,
#1991,#1992,#1993,#1994,#1995,#1996,#1997,#1998,#1999,#2000,#2001,#2002,
#2003,#2004,#2005,#2006,#2007,#2008,#2009,#2010,#2011,#2012,#2013,#2014,
#2015,#2016,#2017,#2018,#2019,#2020,#2021,#2022,#2023,#2024,#2025,#2026,
#2027,#2028,#2029,#2030,#2031,#2032,#2033,#2034,#2035,#2036,#2037,#2038,
#2039,#2040,#2041,#2042,#2043,#2044,#2045,#2046,#2047,#2048,#2049,#2050,
#2051,#2052,#2053,#2054,#2055,#2056,#2057));
#2059=DERIVED_UNIT_ELEMENT(#2061,1.);
#2060=DERIVED_UNIT_ELEMENT(#3572,-3.);
#2061=(
MASS_UNIT()
NAMED_UNIT(*)
SI_UNIT(.KILO.,.GRAM.)
);
#2062=DERIVED_UNIT((#2059,#2060));
#2063=MEASURE_REPRESENTATION_ITEM('density measure',
POSITIVE_RATIO_MEASURE(1750.),#2062);
#2064=PROPERTY_DEFINITION_REPRESENTATION(#2069,#2066);
#2065=PROPERTY_DEFINITION_REPRESENTATION(#2070,#2067);
#2066=REPRESENTATION('material name',(#2068),#3569);
#2067=REPRESENTATION('density',(#2063),#3569);
#2068=DESCRIPTIVE_REPRESENTATION_ITEM('GFRP','GFRP');
#2069=PROPERTY_DEFINITION('material property','material name',#3579);
#2070=PROPERTY_DEFINITION('material property','density of part',#3579);
#2071=AXIS2_PLACEMENT_3D('',#2958,#2309,#2310);
#2072=AXIS2_PLACEMENT_3D('',#2959,#2311,#2312);
#2073=AXIS2_PLACEMENT_3D('',#2962,#2313,#2314);
#2074=AXIS2_PLACEMENT_3D('',#2963,#2315,#2316);
#2075=AXIS2_PLACEMENT_3D('',#2966,#2318,#2319);
#2076=AXIS2_PLACEMENT_3D('',#2967,#2320,#2321);
#2077=AXIS2_PLACEMENT_3D('',#2969,#2322,#2323);
#2078=AXIS2_PLACEMENT_3D('',#2971,#2325,#2326);
#2079=AXIS2_PLACEMENT_3D('',#2974,#2327,#2328);
#2080=AXIS2_PLACEMENT_3D('',#2975,#2329,#2330);
#2081=AXIS2_PLACEMENT_3D('',#2978,#2332,#2333);
#2082=AXIS2_PLACEMENT_3D('',#2979,#2334,#2335);
#2083=AXIS2_PLACEMENT_3D('',#2981,#2336,#2337);
#2084=AXIS2_PLACEMENT_3D('',#2983,#2339,#2340);
#2085=AXIS2_PLACEMENT_3D('',#2986,#2341,#2342);
#2086=AXIS2_PLACEMENT_3D('',#2987,#2343,#2344);
#2087=AXIS2_PLACEMENT_3D('',#2990,#2346,#2347);
#2088=AXIS2_PLACEMENT_3D('',#2991,#2348,#2349);
#2089=AXIS2_PLACEMENT_3D('',#2993,#2350,#2351);
#2090=AXIS2_PLACEMENT_3D('',#2995,#2353,#2354);
#2091=AXIS2_PLACEMENT_3D('',#2998,#2355,#2356);
#2092=AXIS2_PLACEMENT_3D('',#2999,#2357,#2358);
#2093=AXIS2_PLACEMENT_3D('',#3002,#2360,#2361);
#2094=AXIS2_PLACEMENT_3D('',#3003,#2362,#2363);
#2095=AXIS2_PLACEMENT_3D('',#3005,#2364,#2365);
#2096=AXIS2_PLACEMENT_3D('',#3007,#2367,#2368);
#2097=AXIS2_PLACEMENT_3D('',#3009,#2369,#2370);
#2098=AXIS2_PLACEMENT_3D('',#3012,#2372,#2373);
#2099=AXIS2_PLACEMENT_3D('',#3013,#2374,#2375);
#2100=AXIS2_PLACEMENT_3D('',#3014,#2376,#2377);
#2101=AXIS2_PLACEMENT_3D('',#3017,#2378,#2379);
#2102=AXIS2_PLACEMENT_3D('',#3021,#2381,#2382);
#2103=AXIS2_PLACEMENT_3D('',#3023,#2384,#2385);
#2104=AXIS2_PLACEMENT_3D('',#3029,#2389,#2390);
#2105=AXIS2_PLACEMENT_3D('',#3031,#2391,#2392);
#2106=AXIS2_PLACEMENT_3D('',#3034,#2394,#2395);
#2107=AXIS2_PLACEMENT_3D('',#3035,#2396,#2397);
#2108=AXIS2_PLACEMENT_3D('',#3037,#2398,#2399);
#2109=AXIS2_PLACEMENT_3D('',#3040,#2401,#2402);
#2110=AXIS2_PLACEMENT_3D('',#3041,#2403,#2404);
#2111=AXIS2_PLACEMENT_3D('',#3044,#2407,#2408);
#2112=AXIS2_PLACEMENT_3D('',#3045,#2409,#2410);
#2113=AXIS2_PLACEMENT_3D('',#3054,#2415,#2416);
#2114=AXIS2_PLACEMENT_3D('',#3056,#2417,#2418);
#2115=AXIS2_PLACEMENT_3D('',#3059,#2420,#2421);
#2116=AXIS2_PLACEMENT_3D('',#3060,#2422,#2423);
#2117=AXIS2_PLACEMENT_3D('',#3066,#2427,#2428);
#2118=AXIS2_PLACEMENT_3D('',#3068,#2429,#2430);
#2119=AXIS2_PLACEMENT_3D('',#3071,#2432,#2433);
#2120=AXIS2_PLACEMENT_3D('',#3072,#2434,#2435);
#2121=AXIS2_PLACEMENT_3D('',#3073,#2436,#2437);
#2122=AXIS2_PLACEMENT_3D('',#3074,#2438,#2439);
#2123=AXIS2_PLACEMENT_3D('',#3075,#2440,#2441);
#2124=AXIS2_PLACEMENT_3D('',#3076,#2442,#2443);
#2125=AXIS2_PLACEMENT_3D('',#3079,#2444,#2445);
#2126=AXIS2_PLACEMENT_3D('',#3083,#2447,#2448);
#2127=AXIS2_PLACEMENT_3D('',#3085,#2450,#2451);
#2128=AXIS2_PLACEMENT_3D('',#3091,#2455,#2456);
#2129=AXIS2_PLACEMENT_3D('',#3093,#2457,#2458);
#2130=AXIS2_PLACEMENT_3D('',#3096,#2460,#2461);
#2131=AXIS2_PLACEMENT_3D('',#3097,#2462,#2463);
#2132=AXIS2_PLACEMENT_3D('',#3099,#2464,#2465);
#2133=AXIS2_PLACEMENT_3D('',#3102,#2467,#2468);
#2134=AXIS2_PLACEMENT_3D('',#3103,#2469,#2470);
#2135=AXIS2_PLACEMENT_3D('',#3106,#2473,#2474);
#2136=AXIS2_PLACEMENT_3D('',#3107,#2475,#2476);
#2137=AXIS2_PLACEMENT_3D('',#3116,#2481,#2482);
#2138=AXIS2_PLACEMENT_3D('',#3118,#2483,#2484);
#2139=AXIS2_PLACEMENT_3D('',#3121,#2486,#2487);
#2140=AXIS2_PLACEMENT_3D('',#3122,#2488,#2489);
#2141=AXIS2_PLACEMENT_3D('',#3124,#2490,#2491);
#2142=AXIS2_PLACEMENT_3D('',#3127,#2493,#2494);
#2143=AXIS2_PLACEMENT_3D('',#3128,#2495,#2496);
#2144=AXIS2_PLACEMENT_3D('',#3134,#2500,#2501);
#2145=AXIS2_PLACEMENT_3D('',#3135,#2502,#2503);
#2146=AXIS2_PLACEMENT_3D('',#3136,#2504,#2505);
#2147=AXIS2_PLACEMENT_3D('',#3137,#2506,#2507);
#2148=AXIS2_PLACEMENT_3D('',#3138,#2508,#2509);
#2149=AXIS2_PLACEMENT_3D('',#3140,#2510,#2511);
#2150=AXIS2_PLACEMENT_3D('',#3142,#2513,#2514);
#2151=AXIS2_PLACEMENT_3D('',#3144,#2515,#2516);
#2152=AXIS2_PLACEMENT_3D('',#3146,#2518,#2519);
#2153=AXIS2_PLACEMENT_3D('',#3148,#2520,#2521);
#2154=AXIS2_PLACEMENT_3D('',#3150,#2523,#2524);
#2155=AXIS2_PLACEMENT_3D('',#3152,#2525,#2526);
#2156=AXIS2_PLACEMENT_3D('',#3154,#2528,#2529);
#2157=AXIS2_PLACEMENT_3D('',#3163,#2534,#2535);
#2158=AXIS2_PLACEMENT_3D('',#3165,#2536,#2537);
#2159=AXIS2_PLACEMENT_3D('',#3168,#2539,#2540);
#2160=AXIS2_PLACEMENT_3D('',#3169,#2541,#2542);
#2161=AXIS2_PLACEMENT_3D('',#3171,#2543,#2544);
#2162=AXIS2_PLACEMENT_3D('',#3174,#2546,#2547);
#2163=AXIS2_PLACEMENT_3D('',#3175,#2548,#2549);
#2164=AXIS2_PLACEMENT_3D('',#3181,#2553,#2554);
#2165=AXIS2_PLACEMENT_3D('',#3183,#2555,#2556);
#2166=AXIS2_PLACEMENT_3D('',#3186,#2558,#2559);
#2167=AXIS2_PLACEMENT_3D('',#3187,#2560,#2561);
#2168=AXIS2_PLACEMENT_3D('',#3193,#2565,#2566);
#2169=AXIS2_PLACEMENT_3D('',#3195,#2567,#2568);
#2170=AXIS2_PLACEMENT_3D('',#3198,#2570,#2571);
#2171=AXIS2_PLACEMENT_3D('',#3199,#2572,#2573);
#2172=AXIS2_PLACEMENT_3D('',#3205,#2577,#2578);
#2173=AXIS2_PLACEMENT_3D('',#3207,#2579,#2580);
#2174=AXIS2_PLACEMENT_3D('',#3210,#2582,#2583);
#2175=AXIS2_PLACEMENT_3D('',#3211,#2584,#2585);
#2176=AXIS2_PLACEMENT_3D('',#3213,#2586,#2587);
#2177=AXIS2_PLACEMENT_3D('',#3216,#2589,#2590);
#2178=AXIS2_PLACEMENT_3D('',#3217,#2591,#2592);
#2179=AXIS2_PLACEMENT_3D('',#3223,#2596,#2597);
#2180=AXIS2_PLACEMENT_3D('',#3225,#2598,#2599);
#2181=AXIS2_PLACEMENT_3D('',#3228,#2601,#2602);
#2182=AXIS2_PLACEMENT_3D('',#3229,#2603,#2604);
#2183=AXIS2_PLACEMENT_3D('',#3231,#2605,#2606);
#2184=AXIS2_PLACEMENT_3D('',#3234,#2608,#2609);
#2185=AXIS2_PLACEMENT_3D('',#3235,#2610,#2611);
#2186=AXIS2_PLACEMENT_3D('',#3241,#2615,#2616);
#2187=AXIS2_PLACEMENT_3D('',#3243,#2617,#2618);
#2188=AXIS2_PLACEMENT_3D('',#3246,#2620,#2621);
#2189=AXIS2_PLACEMENT_3D('',#3247,#2622,#2623);
#2190=AXIS2_PLACEMENT_3D('',#3253,#2627,#2628);
#2191=AXIS2_PLACEMENT_3D('',#3255,#2629,#2630);
#2192=AXIS2_PLACEMENT_3D('',#3258,#2632,#2633);
#2193=AXIS2_PLACEMENT_3D('',#3259,#2634,#2635);
#2194=AXIS2_PLACEMENT_3D('',#3265,#2639,#2640);
#2195=AXIS2_PLACEMENT_3D('',#3267,#2641,#2642);
#2196=AXIS2_PLACEMENT_3D('',#3270,#2644,#2645);
#2197=AXIS2_PLACEMENT_3D('',#3271,#2646,#2647);
#2198=AXIS2_PLACEMENT_3D('',#3272,#2648,#2649);
#2199=AXIS2_PLACEMENT_3D('',#3273,#2650,#2651);
#2200=AXIS2_PLACEMENT_3D('',#3274,#2652,#2653);
#2201=AXIS2_PLACEMENT_3D('',#3275,#2654,#2655);
#2202=AXIS2_PLACEMENT_3D('',#3278,#2656,#2657);
#2203=AXIS2_PLACEMENT_3D('',#3282,#2659,#2660);
#2204=AXIS2_PLACEMENT_3D('',#3284,#2662,#2663);
#2205=AXIS2_PLACEMENT_3D('',#3286,#2664,#2665);
#2206=AXIS2_PLACEMENT_3D('',#3289,#2667,#2668);
#2207=AXIS2_PLACEMENT_3D('',#3290,#2669,#2670);
#2208=AXIS2_PLACEMENT_3D('',#3296,#2674,#2675);
#2209=AXIS2_PLACEMENT_3D('',#3298,#2676,#2677);
#2210=AXIS2_PLACEMENT_3D('',#3301,#2679,#2680);
#2211=AXIS2_PLACEMENT_3D('',#3302,#2681,#2682);
#2212=AXIS2_PLACEMENT_3D('',#3308,#2686,#2687);
#2213=AXIS2_PLACEMENT_3D('',#3310,#2688,#2689);
#2214=AXIS2_PLACEMENT_3D('',#3313,#2691,#2692);
#2215=AXIS2_PLACEMENT_3D('',#3314,#2693,#2694);
#2216=AXIS2_PLACEMENT_3D('',#3320,#2698,#2699);
#2217=AXIS2_PLACEMENT_3D('',#3322,#2700,#2701);
#2218=AXIS2_PLACEMENT_3D('',#3325,#2703,#2704);
#2219=AXIS2_PLACEMENT_3D('',#3326,#2705,#2706);
#2220=AXIS2_PLACEMENT_3D('',#3328,#2707,#2708);
#2221=AXIS2_PLACEMENT_3D('',#3331,#2710,#2711);
#2222=AXIS2_PLACEMENT_3D('',#3332,#2712,#2713);
#2223=AXIS2_PLACEMENT_3D('',#3338,#2717,#2718);
#2224=AXIS2_PLACEMENT_3D('',#3340,#2719,#2720);
#2225=AXIS2_PLACEMENT_3D('',#3343,#2722,#2723);
#2226=AXIS2_PLACEMENT_3D('',#3344,#2724,#2725);
#2227=AXIS2_PLACEMENT_3D('',#3346,#2726,#2727);
#2228=AXIS2_PLACEMENT_3D('',#3349,#2729,#2730);
#2229=AXIS2_PLACEMENT_3D('',#3350,#2731,#2732);
#2230=AXIS2_PLACEMENT_3D('',#3356,#2736,#2737);
#2231=AXIS2_PLACEMENT_3D('',#3358,#2738,#2739);
#2232=AXIS2_PLACEMENT_3D('',#3361,#2741,#2742);
#2233=AXIS2_PLACEMENT_3D('',#3362,#2743,#2744);
#2234=AXIS2_PLACEMENT_3D('',#3368,#2748,#2749);
#2235=AXIS2_PLACEMENT_3D('',#3370,#2750,#2751);
#2236=AXIS2_PLACEMENT_3D('',#3373,#2753,#2754);
#2237=AXIS2_PLACEMENT_3D('',#3374,#2755,#2756);
#2238=AXIS2_PLACEMENT_3D('',#3380,#2760,#2761);
#2239=AXIS2_PLACEMENT_3D('',#3382,#2762,#2763);
#2240=AXIS2_PLACEMENT_3D('',#3385,#2765,#2766);
#2241=AXIS2_PLACEMENT_3D('',#3386,#2767,#2768);
#2242=AXIS2_PLACEMENT_3D('',#3388,#2769,#2770);
#2243=AXIS2_PLACEMENT_3D('',#3391,#2772,#2773);
#2244=AXIS2_PLACEMENT_3D('',#3392,#2774,#2775);
#2245=AXIS2_PLACEMENT_3D('',#3395,#2778,#2779);
#2246=AXIS2_PLACEMENT_3D('',#3404,#2784,#2785);
#2247=AXIS2_PLACEMENT_3D('',#3406,#2786,#2787);
#2248=AXIS2_PLACEMENT_3D('',#3409,#2789,#2790);
#2249=AXIS2_PLACEMENT_3D('',#3410,#2791,#2792);
#2250=AXIS2_PLACEMENT_3D('',#3416,#2796,#2797);
#2251=AXIS2_PLACEMENT_3D('',#3418,#2798,#2799);
#2252=AXIS2_PLACEMENT_3D('',#3421,#2801,#2802);
#2253=AXIS2_PLACEMENT_3D('',#3422,#2803,#2804);
#2254=AXIS2_PLACEMENT_3D('',#3428,#2808,#2809);
#2255=AXIS2_PLACEMENT_3D('',#3430,#2810,#2811);
#2256=AXIS2_PLACEMENT_3D('',#3433,#2813,#2814);
#2257=AXIS2_PLACEMENT_3D('',#3434,#2815,#2816);
#2258=AXIS2_PLACEMENT_3D('',#3436,#2817,#2818);
#2259=AXIS2_PLACEMENT_3D('',#3439,#2820,#2821);
#2260=AXIS2_PLACEMENT_3D('',#3440,#2822,#2823);
#2261=AXIS2_PLACEMENT_3D('',#3446,#2827,#2828);
#2262=AXIS2_PLACEMENT_3D('',#3448,#2829,#2830);
#2263=AXIS2_PLACEMENT_3D('',#3451,#2832,#2833);
#2264=AXIS2_PLACEMENT_3D('',#3452,#2834,#2835);
#2265=AXIS2_PLACEMENT_3D('',#3454,#2836,#2837);
#2266=AXIS2_PLACEMENT_3D('',#3457,#2839,#2840);
#2267=AXIS2_PLACEMENT_3D('',#3458,#2841,#2842);
#2268=AXIS2_PLACEMENT_3D('',#3464,#2846,#2847);
#2269=AXIS2_PLACEMENT_3D('',#3466,#2848,#2849);
#2270=AXIS2_PLACEMENT_3D('',#3469,#2851,#2852);
#2271=AXIS2_PLACEMENT_3D('',#3470,#2853,#2854);
#2272=AXIS2_PLACEMENT_3D('',#3476,#2858,#2859);
#2273=AXIS2_PLACEMENT_3D('',#3478,#2860,#2861);
#2274=AXIS2_PLACEMENT_3D('',#3481,#2863,#2864);
#2275=AXIS2_PLACEMENT_3D('',#3482,#2865,#2866);
#2276=AXIS2_PLACEMENT_3D('',#3488,#2870,#2871);
#2277=AXIS2_PLACEMENT_3D('',#3490,#2872,#2873);
#2278=AXIS2_PLACEMENT_3D('',#3493,#2875,#2876);
#2279=AXIS2_PLACEMENT_3D('',#3494,#2877,#2878);
#2280=AXIS2_PLACEMENT_3D('',#3496,#2879,#2880);
#2281=AXIS2_PLACEMENT_3D('',#3499,#2882,#2883);
#2282=AXIS2_PLACEMENT_3D('',#3500,#2884,#2885);
#2283=AXIS2_PLACEMENT_3D('',#3506,#2889,#2890);
#2284=AXIS2_PLACEMENT_3D('',#3508,#2891,#2892);
#2285=AXIS2_PLACEMENT_3D('',#3511,#2894,#2895);
#2286=AXIS2_PLACEMENT_3D('',#3512,#2896,#2897);
#2287=AXIS2_PLACEMENT_3D('',#3513,#2898,#2899);
#2288=AXIS2_PLACEMENT_3D('',#3514,#2900,#2901);
#2289=AXIS2_PLACEMENT_3D('',#3515,#2902,#2903);
#2290=AXIS2_PLACEMENT_3D('',#3516,#2904,#2905);
#2291=AXIS2_PLACEMENT_3D('',#3519,#2906,#2907);
#2292=AXIS2_PLACEMENT_3D('',#3523,#2909,#2910);
#2293=AXIS2_PLACEMENT_3D('',#3527,#2912,#2913);
#2294=AXIS2_PLACEMENT_3D('',#3531,#2915,#2916);
#2295=AXIS2_PLACEMENT_3D('',#3533,#2918,#2919);
#2296=AXIS2_PLACEMENT_3D('',#3536,#2920,#2921);
#2297=AXIS2_PLACEMENT_3D('',#3539,#2924,#2925);
#2298=AXIS2_PLACEMENT_3D('',#3543,#2928,#2929);
#2299=AXIS2_PLACEMENT_3D('',#3547,#2931,#2932);
#2300=AXIS2_PLACEMENT_3D('',#3551,#2934,#2935);
#2301=AXIS2_PLACEMENT_3D('',#3554,#2937,#2938);
#2302=AXIS2_PLACEMENT_3D('',#3555,#2939,#2940);
#2303=AXIS2_PLACEMENT_3D('',#3558,#2943,#2944);
#2304=AXIS2_PLACEMENT_3D('',#3560,#2946,#2947);
#2305=AXIS2_PLACEMENT_3D('',#3562,#2949,#2950);
#2306=AXIS2_PLACEMENT_3D('',#3564,#2952,#2953);
#2307=AXIS2_PLACEMENT_3D('',#3565,#2954,#2955);
#2308=AXIS2_PLACEMENT_3D('',#3566,#2956,#2957);
#2309=DIRECTION('axis',(0.,0.,1.));
#2310=DIRECTION('refdir',(1.,0.,0.));
#2311=DIRECTION('center_axis',(4.21672349077918E-97,1.,2.25058761451909E-49));
#2312=DIRECTION('ref_axis',(-1.,4.21672349077918E-97,-4.18968671627317E-65));
#2313=DIRECTION('center_axis',(-4.21672349077918E-97,-1.,-2.25058761451909E-49));
#2314=DIRECTION('ref_axis',(-1.,4.21672349077918E-97,-4.18968671627317E-65));
#2315=DIRECTION('center_axis',(-4.21672349077918E-97,-1.,-2.25058761451909E-49));
#2316=DIRECTION('ref_axis',(-1.,4.21672349077918E-97,-4.18968671627317E-65));
#2317=DIRECTION('',(0.707106781186548,0.707106781186547,8.65956056235494E-17));
#2318=DIRECTION('center_axis',(-4.21672349077918E-97,-1.,-2.25058761451909E-49));
#2319=DIRECTION('ref_axis',(-1.,4.21672349077918E-97,-4.18968671627317E-65));
#2320=DIRECTION('center_axis',(4.21672349077918E-97,1.,2.25058761451909E-49));
#2321=DIRECTION('ref_axis',(1.,-4.21672349077918E-97,4.18968671627317E-65));
#2322=DIRECTION('center_axis',(4.21672349077918E-97,1.,2.25058761451909E-49));
#2323=DIRECTION('ref_axis',(1.,-4.21672349077918E-97,4.18968671627317E-65));
#2324=DIRECTION('',(4.21672349077918E-97,1.,2.25058761451909E-49));
#2325=DIRECTION('center_axis',(4.21672349077918E-97,1.,2.25058761451909E-49));
#2326=DIRECTION('ref_axis',(-1.,4.21672349077918E-97,-4.18968671627317E-65));
#2327=DIRECTION('center_axis',(-4.21672349077918E-97,-1.,-2.25058761451909E-49));
#2328=DIRECTION('ref_axis',(-1.,4.21672349077918E-97,-4.18968671627317E-65));
#2329=DIRECTION('center_axis',(-4.21672349077918E-97,-1.,-2.25058761451909E-49));
#2330=DIRECTION('ref_axis',(-1.,4.21672349077918E-97,-4.18968671627317E-65));
#2331=DIRECTION('',(0.707106781186548,0.707106781186547,8.65956056235494E-17));
#2332=DIRECTION('center_axis',(-4.21672349077918E-97,-1.,-2.25058761451909E-49));
#2333=DIRECTION('ref_axis',(-1.,4.21672349077918E-97,-4.18968671627317E-65));
#2334=DIRECTION('center_axis',(4.21672349077918E-97,1.,2.25058761451909E-49));
#2335=DIRECTION('ref_axis',(1.,-4.21672349077918E-97,4.18968671627317E-65));
#2336=DIRECTION('center_axis',(4.21672349077918E-97,1.,2.25058761451909E-49));
#2337=DIRECTION('ref_axis',(1.,-4.21672349077918E-97,4.18968671627317E-65));
#2338=DIRECTION('',(4.21672349077918E-97,1.,2.25058761451909E-49));
#2339=DIRECTION('center_axis',(4.21672349077918E-97,1.,2.25058761451909E-49));
#2340=DIRECTION('ref_axis',(-1.,4.21672349077918E-97,-4.18968671627317E-65));
#2341=DIRECTION('center_axis',(-4.21672349077918E-97,-1.,-2.25058761451909E-49));
#2342=DIRECTION('ref_axis',(-1.,4.21672349077918E-97,-4.18968671627317E-65));
#2343=DIRECTION('center_axis',(-4.21672349077918E-97,-1.,-2.25058761451909E-49));
#2344=DIRECTION('ref_axis',(-1.,4.21672349077918E-97,-4.18968671627317E-65));
#2345=DIRECTION('',(0.707106781186548,0.707106781186547,8.65956056235494E-17));
#2346=DIRECTION('center_axis',(-4.21672349077918E-97,-1.,-2.25058761451909E-49));
#2347=DIRECTION('ref_axis',(-1.,4.21672349077918E-97,-4.18968671627317E-65));
#2348=DIRECTION('center_axis',(4.21672349077918E-97,1.,2.25058761451909E-49));
#2349=DIRECTION('ref_axis',(1.,-4.21672349077918E-97,4.18968671627317E-65));
#2350=DIRECTION('center_axis',(4.21672349077918E-97,1.,2.25058761451909E-49));
#2351=DIRECTION('ref_axis',(1.,-4.21672349077918E-97,4.18968671627317E-65));
#2352=DIRECTION('',(4.21672349077918E-97,1.,2.25058761451909E-49));
#2353=DIRECTION('center_axis',(4.21672349077918E-97,1.,2.25058761451909E-49));
#2354=DIRECTION('ref_axis',(-1.,4.21672349077918E-97,-4.18968671627317E-65));
#2355=DIRECTION('center_axis',(-4.21672349077918E-97,-1.,-2.25058761451909E-49));
#2356=DIRECTION('ref_axis',(-1.,4.21672349077918E-97,-4.18968671627317E-65));
#2357=DIRECTION('center_axis',(-4.21672349077918E-97,-1.,-2.25058761451909E-49));
#2358=DIRECTION('ref_axis',(-1.,4.21672349077918E-97,-4.18968671627317E-65));
#2359=DIRECTION('',(0.707106781186548,0.707106781186547,8.65956056235494E-17));
#2360=DIRECTION('center_axis',(-4.21672349077918E-97,-1.,-2.25058761451909E-49));
#2361=DIRECTION('ref_axis',(-1.,4.21672349077918E-97,-4.18968671627317E-65));
#2362=DIRECTION('center_axis',(4.21672349077918E-97,1.,2.25058761451909E-49));
#2363=DIRECTION('ref_axis',(1.,-4.21672349077918E-97,4.18968671627317E-65));
#2364=DIRECTION('center_axis',(4.21672349077918E-97,1.,2.25058761451909E-49));
#2365=DIRECTION('ref_axis',(1.,-4.21672349077918E-97,4.18968671627317E-65));
#2366=DIRECTION('',(4.21672349077918E-97,1.,2.25058761451909E-49));
#2367=DIRECTION('center_axis',(4.21672349077918E-97,1.,2.25058761451909E-49));
#2368=DIRECTION('ref_axis',(1.,-4.21672349077918E-97,4.18968671627317E-65));
#2369=DIRECTION('center_axis',(4.21672349077918E-97,1.,2.25058761451909E-49));
#2370=DIRECTION('ref_axis',(1.,-4.21672349077918E-97,4.18968671627317E-65));
#2371=DIRECTION('',(4.21672349077918E-97,1.,2.25058761451909E-49));
#2372=DIRECTION('center_axis',(4.21672349077918E-97,1.,2.25058761451909E-49));
#2373=DIRECTION('ref_axis',(1.,-4.21672349077918E-97,4.18968671627317E-65));
#2374=DIRECTION('center_axis',(4.21672349077918E-97,1.,2.25058761451909E-49));
#2375=DIRECTION('ref_axis',(1.,-4.21672349077918E-97,4.18968671627317E-65));
#2376=DIRECTION('center_axis',(4.21672349077918E-97,1.,2.25058761451909E-49));
#2377=DIRECTION('ref_axis',(-0.830120757438327,-1.25489085941776E-49,0.557583651186096));
#2378=DIRECTION('center_axis',(-4.21672349077918E-97,-1.,-2.25058761451909E-49));
#2379=DIRECTION('ref_axis',(-0.830120757438327,-1.25489085941776E-49,0.557583651186096));
#2380=DIRECTION('',(4.21672349077918E-97,1.,2.25058761451909E-49));
#2381=DIRECTION('center_axis',(-4.21672349077918E-97,-1.,-2.25058761451909E-49));
#2382=DIRECTION('ref_axis',(-0.830120757438327,-1.25489085941776E-49,0.557583651186096));
#2383=DIRECTION('',(4.21672349077918E-97,1.,2.25058761451909E-49));
#2384=DIRECTION('center_axis',(1.,-4.21672349077918E-97,4.18968671627317E-65));
#2385=DIRECTION('ref_axis',(4.18968671627317E-65,2.25058761451909E-49,-1.));
#2386=DIRECTION('',(4.18968671627317E-65,2.25058761451909E-49,-1.));
#2387=DIRECTION('',(4.21672349077918E-97,1.,2.25058761451909E-49));
#2388=DIRECTION('',(4.18968671627317E-65,2.25058761451909E-49,-1.));
#2389=DIRECTION('center_axis',(4.21672349077918E-97,1.,2.25058761451909E-49));
#2390=DIRECTION('ref_axis',(0.108372580136639,-2.23733243653126E-49,0.99411034793655));
#2391=DIRECTION('center_axis',(4.21672349077918E-97,1.,2.25058761451909E-49));
#2392=DIRECTION('ref_axis',(0.108372580136639,-2.23733243653126E-49,0.99411034793655));
#2393=DIRECTION('',(4.21672349077918E-97,1.,2.25058761451909E-49));
#2394=DIRECTION('center_axis',(4.21672349077918E-97,1.,2.25058761451909E-49));
#2395=DIRECTION('ref_axis',(0.108372580136639,-2.23733243653126E-49,0.99411034793655));
#2396=DIRECTION('center_axis',(4.21672349077918E-97,1.,2.25058761451909E-49));
#2397=DIRECTION('ref_axis',(-0.0851051318545984,2.24242243086878E-49,-0.996371976990527));
#2398=DIRECTION('center_axis',(-4.21672349077918E-97,-1.,-2.25058761451909E-49));
#2399=DIRECTION('ref_axis',(-0.0851051318545984,2.24242243086878E-49,-0.996371976990527));
#2400=DIRECTION('',(4.21672349077918E-97,1.,2.25058761451909E-49));
#2401=DIRECTION('center_axis',(-4.21672349077918E-97,-1.,-2.25058761451909E-49));
#2402=DIRECTION('ref_axis',(-0.0851051318545984,2.24242243086878E-49,-0.996371976990527));
#2403=DIRECTION('center_axis',(-1.,6.29825362666084E-64,-2.79849297402566E-15));
#2404=DIRECTION('ref_axis',(-2.79849297402566E-15,-2.25058761451909E-49,
1.));
#2405=DIRECTION('',(-2.79849297402566E-15,-2.25058761451909E-49,1.));
#2406=DIRECTION('',(-2.79849297402566E-15,-2.25058761451909E-49,1.));
#2407=DIRECTION('center_axis',(4.21672349077918E-97,1.,2.25058761451909E-49));
#2408=DIRECTION('ref_axis',(1.,-4.21672349077918E-97,4.18968671627317E-65));
#2409=DIRECTION('center_axis',(1.,-4.21672349077918E-97,4.18968671627317E-65));
#2410=DIRECTION('ref_axis',(4.18968671627317E-65,2.25058761451909E-49,-1.));
#2411=DIRECTION('',(4.18968671627317E-65,2.25058761451909E-49,-1.));
#2412=DIRECTION('',(4.21672349077918E-97,1.,2.25058761451909E-49));
#2413=DIRECTION('',(4.18968671627317E-65,2.25058761451909E-49,-1.));
#2414=DIRECTION('',(4.21672349077918E-97,1.,2.25058761451909E-49));
#2415=DIRECTION('center_axis',(4.21672349077918E-97,1.,2.25058761451909E-49));
#2416=DIRECTION('ref_axis',(0.493778885126162,1.95708284746703E-49,-0.869587495657317));
#2417=DIRECTION('center_axis',(-4.21672349077918E-97,-1.,-2.25058761451909E-49));
#2418=DIRECTION('ref_axis',(0.493778885126162,1.95708284746703E-49,-0.869587495657317));
#2419=DIRECTION('',(4.21672349077918E-97,1.,2.25058761451909E-49));
#2420=DIRECTION('center_axis',(-4.21672349077918E-97,-1.,-2.25058761451909E-49));
#2421=DIRECTION('ref_axis',(0.493778885126162,1.95708284746703E-49,-0.869587495657317));
#2422=DIRECTION('center_axis',(-1.,-6.29825362666083E-64,2.79849297402566E-15));
#2423=DIRECTION('ref_axis',(2.79849297402566E-15,-2.25058761451909E-49,
1.));
#2424=DIRECTION('',(2.79849297402566E-15,-2.25058761451909E-49,1.));
#2425=DIRECTION('',(4.21672349077918E-97,1.,2.25058761451909E-49));
#2426=DIRECTION('',(2.79849297402566E-15,-2.25058761451909E-49,1.));
#2427=DIRECTION('center_axis',(4.21672349077918E-97,1.,2.25058761451909E-49));
#2428=DIRECTION('ref_axis',(-0.88412313483684,-1.05159602171696E-49,0.467253980663919));
#2429=DIRECTION('center_axis',(-4.21672349077918E-97,-1.,-2.25058761451909E-49));
#2430=DIRECTION('ref_axis',(-0.88412313483684,-1.05159602171696E-49,0.467253980663919));
#2431=DIRECTION('',(4.21672349077918E-97,1.,2.25058761451909E-49));
#2432=DIRECTION('center_axis',(-4.21672349077918E-97,-1.,-2.25058761451909E-49));
#2433=DIRECTION('ref_axis',(-0.88412313483684,-1.05159602171696E-49,0.467253980663919));
#2434=DIRECTION('center_axis',(4.21672349077918E-97,1.,2.25058761451909E-49));
#2435=DIRECTION('ref_axis',(1.,-2.66523113448034E-63,1.18423789293351E-14));
#2436=DIRECTION('center_axis',(4.21672349077918E-97,1.,2.25058761451909E-49));
#2437=DIRECTION('ref_axis',(1.,-2.66523113448034E-63,1.18423789293351E-14));
#2438=DIRECTION('center_axis',(4.21672349077918E-97,1.,2.25058761451909E-49));
#2439=DIRECTION('ref_axis',(1.,-2.66523113448034E-63,1.18423789293351E-14));
#2440=DIRECTION('center_axis',(4.21672349077918E-97,1.,2.25058761451909E-49));
#2441=DIRECTION('ref_axis',(1.,-4.21672349077918E-97,4.18968671627317E-65));
#2442=DIRECTION('center_axis',(4.21672349077918E-97,1.,2.25058761451909E-49));
#2443=DIRECTION('ref_axis',(-0.493778885126162,-1.95708284746703E-49,0.869587495657317));
#2444=DIRECTION('center_axis',(-4.21672349077918E-97,-1.,-2.25058761451909E-49));
#2445=DIRECTION('ref_axis',(-0.493778885126162,-1.95708284746703E-49,0.869587495657317));
#2446=DIRECTION('',(4.21672349077918E-97,1.,2.25058761451909E-49));
#2447=DIRECTION('center_axis',(-4.21672349077918E-97,-1.,-2.25058761451909E-49));
#2448=DIRECTION('ref_axis',(-0.493778885126162,-1.95708284746703E-49,0.869587495657317));
#2449=DIRECTION('',(4.21672349077918E-97,1.,2.25058761451909E-49));
#2450=DIRECTION('center_axis',(1.,6.29825362666084E-64,-2.79849297402566E-15));
#2451=DIRECTION('ref_axis',(-2.79849297402566E-15,2.25058761451909E-49,
-1.));
#2452=DIRECTION('',(-2.79849297402566E-15,2.25058761451909E-49,-1.));
#2453=DIRECTION('',(4.21672349077918E-97,1.,2.25058761451909E-49));
#2454=DIRECTION('',(-2.79849297402566E-15,2.25058761451909E-49,-1.));
#2455=DIRECTION('center_axis',(4.21672349077918E-97,1.,2.25058761451909E-49));
#2456=DIRECTION('ref_axis',(0.88412313483684,1.05159602171696E-49,-0.46725398066392));
#2457=DIRECTION('center_axis',(-4.21672349077918E-97,-1.,-2.25058761451909E-49));
#2458=DIRECTION('ref_axis',(0.88412313483684,1.05159602171696E-49,-0.46725398066392));
#2459=DIRECTION('',(4.21672349077918E-97,1.,2.25058761451909E-49));
#2460=DIRECTION('center_axis',(-4.21672349077918E-97,-1.,-2.25058761451909E-49));
#2461=DIRECTION('ref_axis',(0.88412313483684,1.05159602171696E-49,-0.46725398066392));
#2462=DIRECTION('center_axis',(4.21672349077918E-97,1.,2.25058761451909E-49));
#2463=DIRECTION('ref_axis',(-1.,1.33261556724017E-63,-5.92118946466756E-15));
#2464=DIRECTION('center_axis',(4.21672349077918E-97,1.,2.25058761451909E-49));
#2465=DIRECTION('ref_axis',(-1.,1.33261556724017E-63,-5.92118946466756E-15));
#2466=DIRECTION('',(4.21672349077918E-97,1.,2.25058761451909E-49));
#2467=DIRECTION('center_axis',(4.21672349077918E-97,1.,2.25058761451909E-49));
#2468=DIRECTION('ref_axis',(-1.,1.33261556724017E-63,-5.92118946466756E-15));
#2469=DIRECTION('center_axis',(-1.,4.21672349077918E-97,-4.18968671627317E-65));
#2470=DIRECTION('ref_axis',(-4.18968671627317E-65,-2.25058761451909E-49,
1.));
#2471=DIRECTION('',(-4.18968671627317E-65,-2.25058761451909E-49,1.));
#2472=DIRECTION('',(-4.18968671627317E-65,-2.25058761451909E-49,1.));
#2473=DIRECTION('center_axis',(4.21672349077918E-97,1.,2.25058761451909E-49));
#2474=DIRECTION('ref_axis',(1.,-4.21672349077918E-97,4.18968671627317E-65));
#2475=DIRECTION('center_axis',(-1.,4.21672349077918E-97,-4.18968671627317E-65));
#2476=DIRECTION('ref_axis',(-4.18968671627317E-65,-2.25058761451909E-49,
1.));
#2477=DIRECTION('',(-4.18968671627317E-65,-2.25058761451909E-49,1.));
#2478=DIRECTION('',(4.21672349077918E-97,1.,2.25058761451909E-49));
#2479=DIRECTION('',(-4.18968671627317E-65,-2.25058761451909E-49,1.));
#2480=DIRECTION('',(4.21672349077918E-97,1.,2.25058761451909E-49));
#2481=DIRECTION('center_axis',(4.21672349077918E-97,1.,2.25058761451909E-49));
#2482=DIRECTION('ref_axis',(-0.108372580136639,2.23733243653126E-49,-0.99411034793655));
#2483=DIRECTION('center_axis',(4.21672349077918E-97,1.,2.25058761451909E-49));
#2484=DIRECTION('ref_axis',(-0.108372580136639,2.23733243653126E-49,-0.99411034793655));
#2485=DIRECTION('',(4.21672349077918E-97,1.,2.25058761451909E-49));
#2486=DIRECTION('center_axis',(4.21672349077918E-97,1.,2.25058761451909E-49));
#2487=DIRECTION('ref_axis',(-0.108372580136639,2.23733243653126E-49,-0.99411034793655));
#2488=DIRECTION('center_axis',(4.21672349077918E-97,1.,2.25058761451909E-49));
#2489=DIRECTION('ref_axis',(0.0851051318545984,-2.24242243086878E-49,0.996371976990527));
#2490=DIRECTION('center_axis',(-4.21672349077918E-97,-1.,-2.25058761451909E-49));
#2491=DIRECTION('ref_axis',(0.0851051318545984,-2.24242243086878E-49,0.996371976990527));
#2492=DIRECTION('',(4.21672349077918E-97,1.,2.25058761451909E-49));
#2493=DIRECTION('center_axis',(-4.21672349077918E-97,-1.,-2.25058761451909E-49));
#2494=DIRECTION('ref_axis',(0.0851051318545984,-2.24242243086878E-49,0.996371976990527));
#2495=DIRECTION('center_axis',(1.,-6.29825362666084E-64,2.79849297402566E-15));
#2496=DIRECTION('ref_axis',(2.79849297402566E-15,2.25058761451909E-49,-1.));
#2497=DIRECTION('',(2.79849297402566E-15,2.25058761451909E-49,-1.));
#2498=DIRECTION('',(4.21672349077918E-97,1.,2.25058761451909E-49));
#2499=DIRECTION('',(2.79849297402566E-15,2.25058761451909E-49,-1.));
#2500=DIRECTION('center_axis',(4.21672349077918E-97,1.,2.25058761451909E-49));
#2501=DIRECTION('ref_axis',(0.830120757438327,1.25489085941776E-49,-0.557583651186096));
#2502=DIRECTION('center_axis',(-4.21672349077918E-97,-1.,-2.25058761451909E-49));
#2503=DIRECTION('ref_axis',(0.830120757438327,1.25489085941776E-49,-0.557583651186096));
#2504=DIRECTION('center_axis',(-4.21672349077918E-97,-1.,-2.25058761451909E-49));
#2505=DIRECTION('ref_axis',(0.830120757438327,1.25489085941776E-49,-0.557583651186096));
#2506=DIRECTION('center_axis',(4.21672349077918E-97,1.,2.25058761451909E-49));
#2507=DIRECTION('ref_axis',(1.,-4.21672349077918E-97,4.18968671627317E-65));
#2508=DIRECTION('center_axis',(-4.21672349077918E-97,-1.,-2.25058761451909E-49));
#2509=DIRECTION('ref_axis',(-1.,4.21672349077918E-97,-4.18968671627317E-65));
#2510=DIRECTION('center_axis',(-4.21672349077918E-97,-1.,-2.25058761451909E-49));
#2511=DIRECTION('ref_axis',(-1.,4.21672349077918E-97,-4.18968671627317E-65));
#2512=DIRECTION('',(-4.21672349077918E-97,-1.,-2.25058761451909E-49));
#2513=DIRECTION('center_axis',(-4.21672349077918E-97,-1.,-2.25058761451909E-49));
#2514=DIRECTION('ref_axis',(-1.,4.21672349077918E-97,-4.18968671627317E-65));
#2515=DIRECTION('center_axis',(-4.21672349077918E-97,-1.,-2.25058761451909E-49));
#2516=DIRECTION('ref_axis',(-1.,4.21672349077918E-97,-4.18968671627317E-65));
#2517=DIRECTION('',(-4.21672349077918E-97,-1.,-2.25058761451909E-49));
#2518=DIRECTION('center_axis',(-4.21672349077918E-97,-1.,-2.25058761451909E-49));
#2519=DIRECTION('ref_axis',(-1.,4.21672349077918E-97,-4.18968671627317E-65));
#2520=DIRECTION('center_axis',(-4.21672349077918E-97,-1.,-2.25058761451909E-49));
#2521=DIRECTION('ref_axis',(-1.,4.21672349077918E-97,-4.18968671627317E-65));
#2522=DIRECTION('',(-4.21672349077918E-97,-1.,-2.25058761451909E-49));
#2523=DIRECTION('center_axis',(-4.21672349077918E-97,-1.,-2.25058761451909E-49));
#2524=DIRECTION('ref_axis',(-1.,4.21672349077918E-97,-4.18968671627317E-65));
#2525=DIRECTION('center_axis',(-4.21672349077918E-97,-1.,-2.25058761451909E-49));
#2526=DIRECTION('ref_axis',(-1.,4.21672349077918E-97,-4.18968671627317E-65));
#2527=DIRECTION('',(-4.21672349077918E-97,-1.,-2.25058761451909E-49));
#2528=DIRECTION('center_axis',(1.,-4.21672349077918E-97,4.18968671627317E-65));
#2529=DIRECTION('ref_axis',(4.18968671627317E-65,2.25058761451909E-49,-1.));
#2530=DIRECTION('',(4.18968671627317E-65,2.25058761451909E-49,-1.));
#2531=DIRECTION('',(4.21672349077918E-97,1.,2.25058761451909E-49));
#2532=DIRECTION('',(4.18968671627317E-65,2.25058761451909E-49,-1.));
#2533=DIRECTION('',(4.21672349077918E-97,1.,2.25058761451909E-49));
#2534=DIRECTION('center_axis',(4.21672349077918E-97,1.,2.25058761451909E-49));
#2535=DIRECTION('ref_axis',(5.92118946466745E-15,-2.25058761451909E-49,
1.));
#2536=DIRECTION('center_axis',(4.21672349077918E-97,1.,2.25058761451909E-49));
#2537=DIRECTION('ref_axis',(5.92118946466745E-15,-2.25058761451909E-49,
1.));
#2538=DIRECTION('',(4.21672349077918E-97,1.,2.25058761451909E-49));
#2539=DIRECTION('center_axis',(4.21672349077918E-97,1.,2.25058761451909E-49));
#2540=DIRECTION('ref_axis',(5.92118946466745E-15,-2.25058761451909E-49,
1.));
#2541=DIRECTION('center_axis',(4.21672349077918E-97,1.,2.25058761451909E-49));
#2542=DIRECTION('ref_axis',(5.92118946466753E-15,2.25058761451909E-49,-1.));
#2543=DIRECTION('center_axis',(-4.21672349077918E-97,-1.,-2.25058761451909E-49));
#2544=DIRECTION('ref_axis',(5.92118946466753E-15,2.25058761451909E-49,-1.));
#2545=DIRECTION('',(4.21672349077918E-97,1.,2.25058761451909E-49));
#2546=DIRECTION('center_axis',(-4.21672349077918E-97,-1.,-2.25058761451909E-49));
#2547=DIRECTION('ref_axis',(5.92118946466753E-15,2.25058761451909E-49,-1.));
#2548=DIRECTION('center_axis',(1.,-4.21672349077918E-97,4.18968671627317E-65));
#2549=DIRECTION('ref_axis',(4.18968671627317E-65,2.25058761451909E-49,-1.));
#2550=DIRECTION('',(4.18968671627317E-65,2.25058761451909E-49,-1.));
#2551=DIRECTION('',(4.21672349077918E-97,1.,2.25058761451909E-49));
#2552=DIRECTION('',(4.18968671627317E-65,2.25058761451909E-49,-1.));
#2553=DIRECTION('center_axis',(4.21672349077918E-97,1.,2.25058761451909E-49));
#2554=DIRECTION('ref_axis',(-1.19510682831483E-8,-2.25058761451909E-49,
1.));
#2555=DIRECTION('center_axis',(4.21672349077918E-97,1.,2.25058761451909E-49));
#2556=DIRECTION('ref_axis',(-1.19510682831483E-8,-2.25058761451909E-49,
1.));
#2557=DIRECTION('',(4.21672349077918E-97,1.,2.25058761451909E-49));
#2558=DIRECTION('center_axis',(4.21672349077918E-97,1.,2.25058761451909E-49));
#2559=DIRECTION('ref_axis',(-1.19510682831483E-8,-2.25058761451909E-49,
1.));
#2560=DIRECTION('center_axis',(-1.19510758105326E-8,-2.25058761451909E-49,
1.));
#2561=DIRECTION('ref_axis',(1.,-2.68969431993632E-57,1.19510758105326E-8));
#2562=DIRECTION('',(1.,-2.68969431993632E-57,1.19510758105326E-8));
#2563=DIRECTION('',(4.21672349077918E-97,1.,2.25058761451909E-49));
#2564=DIRECTION('',(1.,-2.68969431993632E-57,1.19510758105326E-8));
#2565=DIRECTION('center_axis',(4.21672349077918E-97,1.,2.25058761451909E-49));
#2566=DIRECTION('ref_axis',(-1.,6.66307783620081E-64,-2.96059473233376E-15));
#2567=DIRECTION('center_axis',(4.21672349077918E-97,1.,2.25058761451909E-49));
#2568=DIRECTION('ref_axis',(-1.,6.66307783620081E-64,-2.96059473233376E-15));
#2569=DIRECTION('',(4.21672349077918E-97,1.,2.25058761451909E-49));
#2570=DIRECTION('center_axis',(4.21672349077918E-97,1.,2.25058761451909E-49));
#2571=DIRECTION('ref_axis',(-1.,6.66307783620081E-64,-2.96059473233376E-15));
#2572=DIRECTION('center_axis',(-1.,4.21672349077918E-97,-4.18968671627317E-65));
#2573=DIRECTION('ref_axis',(-4.18968671627317E-65,-2.25058761451909E-49,
1.));
#2574=DIRECTION('',(-4.18968671627317E-65,-2.25058761451909E-49,1.));
#2575=DIRECTION('',(4.21672349077918E-97,1.,2.25058761451909E-49));
#2576=DIRECTION('',(-4.18968671627317E-65,-2.25058761451909E-49,1.));
#2577=DIRECTION('center_axis',(4.21672349077918E-97,1.,2.25058761451909E-49));
#2578=DIRECTION('ref_axis',(1.,-9.99461675430125E-64,4.44089209850066E-15));
#2579=DIRECTION('center_axis',(-4.21672349077918E-97,-1.,-2.25058761451909E-49));
#2580=DIRECTION('ref_axis',(1.,-9.99461675430125E-64,4.44089209850066E-15));
#2581=DIRECTION('',(4.21672349077918E-97,1.,2.25058761451909E-49));
#2582=DIRECTION('center_axis',(-4.21672349077918E-97,-1.,-2.25058761451909E-49));
#2583=DIRECTION('ref_axis',(1.,-9.99461675430125E-64,4.44089209850066E-15));
#2584=DIRECTION('center_axis',(4.21672349077918E-97,1.,2.25058761451909E-49));
#2585=DIRECTION('ref_axis',(-1.,-1.99892335086022E-63,8.88178419700118E-15));
#2586=DIRECTION('center_axis',(4.21672349077918E-97,1.,2.25058761451909E-49));
#2587=DIRECTION('ref_axis',(-1.,-1.99892335086022E-63,8.88178419700118E-15));
#2588=DIRECTION('',(4.21672349077918E-97,1.,2.25058761451909E-49));
#2589=DIRECTION('center_axis',(4.21672349077918E-97,1.,2.25058761451909E-49));
#2590=DIRECTION('ref_axis',(-1.,-1.99892335086022E-63,8.88178419700118E-15));
#2591=DIRECTION('center_axis',(-1.,4.21672349077918E-97,-4.18968671627317E-65));
#2592=DIRECTION('ref_axis',(-4.18968671627317E-65,-2.25058761451909E-49,
1.));
#2593=DIRECTION('',(-4.18968671627317E-65,-2.25058761451909E-49,1.));
#2594=DIRECTION('',(4.21672349077918E-97,1.,2.25058761451909E-49));
#2595=DIRECTION('',(-4.18968671627317E-65,-2.25058761451909E-49,1.));
#2596=DIRECTION('center_axis',(4.21672349077918E-97,1.,2.25058761451909E-49));
#2597=DIRECTION('ref_axis',(-5.92118946466745E-15,2.25058761451909E-49,
-1.));
#2598=DIRECTION('center_axis',(4.21672349077918E-97,1.,2.25058761451909E-49));
#2599=DIRECTION('ref_axis',(-5.92118946466745E-15,2.25058761451909E-49,
-1.));
#2600=DIRECTION('',(4.21672349077918E-97,1.,2.25058761451909E-49));
#2601=DIRECTION('center_axis',(4.21672349077918E-97,1.,2.25058761451909E-49));
#2602=DIRECTION('ref_axis',(-5.92118946466745E-15,2.25058761451909E-49,
-1.));
#2603=DIRECTION('center_axis',(4.21672349077918E-97,1.,2.25058761451909E-49));
#2604=DIRECTION('ref_axis',(-5.92118946466753E-15,-2.25058761451909E-49,
1.));
#2605=DIRECTION('center_axis',(-4.21672349077918E-97,-1.,-2.25058761451909E-49));
#2606=DIRECTION('ref_axis',(-5.92118946466753E-15,-2.25058761451909E-49,
1.));
#2607=DIRECTION('',(4.21672349077918E-97,1.,2.25058761451909E-49));
#2608=DIRECTION('center_axis',(-4.21672349077918E-97,-1.,-2.25058761451909E-49));
#2609=DIRECTION('ref_axis',(-5.92118946466753E-15,-2.25058761451909E-49,
1.));
#2610=DIRECTION('center_axis',(-1.,4.21672349077918E-97,-4.18968671627317E-65));
#2611=DIRECTION('ref_axis',(-4.18968671627317E-65,-2.25058761451909E-49,
1.));
#2612=DIRECTION('',(-4.18968671627317E-65,-2.25058761451909E-49,1.));
#2613=DIRECTION('',(4.21672349077918E-97,1.,2.25058761451909E-49));
#2614=DIRECTION('',(-4.18968671627317E-65,-2.25058761451909E-49,1.));
#2615=DIRECTION('center_axis',(4.21672349077918E-97,1.,2.25058761451909E-49));
#2616=DIRECTION('ref_axis',(-5.92118946466745E-15,2.25058761451909E-49,
-1.));
#2617=DIRECTION('center_axis',(4.21672349077918E-97,1.,2.25058761451909E-49));
#2618=DIRECTION('ref_axis',(-5.92118946466745E-15,2.25058761451909E-49,
-1.));
#2619=DIRECTION('',(4.21672349077918E-97,1.,2.25058761451909E-49));
#2620=DIRECTION('center_axis',(4.21672349077918E-97,1.,2.25058761451909E-49));
#2621=DIRECTION('ref_axis',(-5.92118946466745E-15,2.25058761451909E-49,
-1.));
#2622=DIRECTION('center_axis',(4.18968671627317E-65,2.25058761451909E-49,
-1.));
#2623=DIRECTION('ref_axis',(-1.,4.21672349077918E-97,-4.18968671627317E-65));
#2624=DIRECTION('',(-1.,4.21672349077918E-97,-4.18968671627317E-65));
#2625=DIRECTION('',(4.21672349077918E-97,1.,2.25058761451909E-49));
#2626=DIRECTION('',(-1.,4.21672349077918E-97,-4.18968671627317E-65));
#2627=DIRECTION('center_axis',(4.21672349077918E-97,1.,2.25058761451909E-49));
#2628=DIRECTION('ref_axis',(1.,1.99892335086022E-63,-8.88178419700118E-15));
#2629=DIRECTION('center_axis',(4.21672349077918E-97,1.,2.25058761451909E-49));
#2630=DIRECTION('ref_axis',(1.,1.99892335086022E-63,-8.88178419700118E-15));
#2631=DIRECTION('',(4.21672349077918E-97,1.,2.25058761451909E-49));
#2632=DIRECTION('center_axis',(4.21672349077918E-97,1.,2.25058761451909E-49));
#2633=DIRECTION('ref_axis',(1.,1.99892335086022E-63,-8.88178419700118E-15));
#2634=DIRECTION('center_axis',(1.,-4.21672349077918E-97,4.18968671627317E-65));
#2635=DIRECTION('ref_axis',(4.18968671627317E-65,2.25058761451909E-49,-1.));
#2636=DIRECTION('',(4.18968671627317E-65,2.25058761451909E-49,-1.));
#2637=DIRECTION('',(4.21672349077918E-97,1.,2.25058761451909E-49));
#2638=DIRECTION('',(4.18968671627317E-65,2.25058761451909E-49,-1.));
#2639=DIRECTION('center_axis',(4.21672349077918E-97,1.,2.25058761451909E-49));
#2640=DIRECTION('ref_axis',(-1.,9.99461675430125E-64,-4.44089209850066E-15));
#2641=DIRECTION('center_axis',(-4.21672349077918E-97,-1.,-2.25058761451909E-49));
#2642=DIRECTION('ref_axis',(-1.,9.99461675430125E-64,-4.44089209850066E-15));
#2643=DIRECTION('',(4.21672349077918E-97,1.,2.25058761451909E-49));
#2644=DIRECTION('center_axis',(-4.21672349077918E-97,-1.,-2.25058761451909E-49));
#2645=DIRECTION('ref_axis',(-1.,9.99461675430125E-64,-4.44089209850066E-15));
#2646=DIRECTION('center_axis',(4.21672349077918E-97,1.,2.25058761451909E-49));
#2647=DIRECTION('ref_axis',(1.,1.99892335086022E-63,-8.88178419700118E-15));
#2648=DIRECTION('center_axis',(4.21672349077918E-97,1.,2.25058761451909E-49));
#2649=DIRECTION('ref_axis',(1.,1.99892335086022E-63,-8.88178419700118E-15));
#2650=DIRECTION('center_axis',(4.21672349077918E-97,1.,2.25058761451909E-49));
#2651=DIRECTION('ref_axis',(1.,1.99892335086022E-63,-8.88178419700118E-15));
#2652=DIRECTION('center_axis',(4.21672349077918E-97,1.,2.25058761451909E-49));
#2653=DIRECTION('ref_axis',(1.,-4.21672349077918E-97,4.18968671627317E-65));
#2654=DIRECTION('center_axis',(4.21672349077918E-97,1.,2.25058761451909E-49));
#2655=DIRECTION('ref_axis',(-1.,-1.24932709428764E-63,5.55111512312575E-15));
#2656=DIRECTION('center_axis',(-4.21672349077918E-97,-1.,-2.25058761451909E-49));
#2657=DIRECTION('ref_axis',(-1.,-1.24932709428764E-63,5.55111512312575E-15));
#2658=DIRECTION('',(4.21672349077918E-97,1.,2.25058761451909E-49));
#2659=DIRECTION('center_axis',(-4.21672349077918E-97,-1.,-2.25058761451909E-49));
#2660=DIRECTION('ref_axis',(-1.,-1.24932709428764E-63,5.55111512312575E-15));
#2661=DIRECTION('',(4.21672349077918E-97,1.,2.25058761451909E-49));
#2662=DIRECTION('center_axis',(4.21672349077918E-97,1.,2.25058761451909E-49));
#2663=DIRECTION('ref_axis',(1.,3.99784670172044E-64,-1.77635683940024E-15));
#2664=DIRECTION('center_axis',(4.21672349077918E-97,1.,2.25058761451909E-49));
#2665=DIRECTION('ref_axis',(1.,3.99784670172044E-64,-1.77635683940024E-15));
#2666=DIRECTION('',(4.21672349077918E-97,1.,2.25058761451909E-49));
#2667=DIRECTION('center_axis',(4.21672349077918E-97,1.,2.25058761451909E-49));
#2668=DIRECTION('ref_axis',(1.,3.99784670172044E-64,-1.77635683940024E-15));
#2669=DIRECTION('center_axis',(1.,-1.26247790363877E-63,5.60954790426386E-15));
#2670=DIRECTION('ref_axis',(5.60954790426386E-15,2.25058761451909E-49,-1.));
#2671=DIRECTION('',(5.60954790426386E-15,2.25058761451909E-49,-1.));
#2672=DIRECTION('',(4.21672349077918E-97,1.,2.25058761451909E-49));
#2673=DIRECTION('',(5.60954790426386E-15,2.25058761451909E-49,-1.));
#2674=DIRECTION('center_axis',(4.21672349077918E-97,1.,2.25058761451909E-49));
#2675=DIRECTION('ref_axis',(-1.,4.99730837715056E-64,-2.2204460492503E-15));
#2676=DIRECTION('center_axis',(-4.21672349077918E-97,-1.,-2.25058761451909E-49));
#2677=DIRECTION('ref_axis',(-1.,4.99730837715056E-64,-2.2204460492503E-15));
#2678=DIRECTION('',(4.21672349077918E-97,1.,2.25058761451909E-49));
#2679=DIRECTION('center_axis',(-4.21672349077918E-97,-1.,-2.25058761451909E-49));
#2680=DIRECTION('ref_axis',(-1.,4.99730837715056E-64,-2.2204460492503E-15));
#2681=DIRECTION('center_axis',(1.51672386185784E-9,2.25058761451909E-49,
-1.));
#2682=DIRECTION('ref_axis',(-1.,3.41351993814282E-58,-1.51672386185784E-9));
#2683=DIRECTION('',(-1.,3.41351993814282E-58,-1.51672386185784E-9));
#2684=DIRECTION('',(4.21672349077918E-97,1.,2.25058761451909E-49));
#2685=DIRECTION('',(-1.,3.41351993814282E-58,-1.51672386185784E-9));
#2686=DIRECTION('center_axis',(4.21672349077918E-97,1.,2.25058761451909E-49));
#2687=DIRECTION('ref_axis',(-1.51671564196932E-9,-2.25058761451909E-49,
1.));
#2688=DIRECTION('center_axis',(-4.21672349077918E-97,-1.,-2.25058761451909E-49));
#2689=DIRECTION('ref_axis',(-1.51671564196932E-9,-2.25058761451909E-49,
1.));
#2690=DIRECTION('',(4.21672349077918E-97,1.,2.25058761451909E-49));
#2691=DIRECTION('center_axis',(-4.21672349077918E-97,-1.,-2.25058761451909E-49));
#2692=DIRECTION('ref_axis',(-1.51671564196932E-9,-2.25058761451909E-49,
1.));
#2693=DIRECTION('center_axis',(-1.,2.10412978329675E-63,-9.34924625783286E-15));
#2694=DIRECTION('ref_axis',(-9.34924625783286E-15,-2.25058761451909E-49,
1.));
#2695=DIRECTION('',(-9.34924625783286E-15,-2.25058761451909E-49,1.));
#2696=DIRECTION('',(4.21672349077918E-97,1.,2.25058761451909E-49));
#2697=DIRECTION('',(-9.34924625783286E-15,-2.25058761451909E-49,1.));
#2698=DIRECTION('center_axis',(4.21672349077918E-97,1.,2.25058761451909E-49));
#2699=DIRECTION('ref_axis',(3.55271367880051E-15,2.25058761451909E-49,-1.));
#2700=DIRECTION('center_axis',(4.21672349077918E-97,1.,2.25058761451909E-49));
#2701=DIRECTION('ref_axis',(3.55271367880051E-15,2.25058761451909E-49,-1.));
#2702=DIRECTION('',(4.21672349077918E-97,1.,2.25058761451909E-49));
#2703=DIRECTION('center_axis',(4.21672349077918E-97,1.,2.25058761451909E-49));
#2704=DIRECTION('ref_axis',(3.55271367880051E-15,2.25058761451909E-49,-1.));
#2705=DIRECTION('center_axis',(4.21672349077918E-97,1.,2.25058761451909E-49));
#2706=DIRECTION('ref_axis',(4.4408920985006E-15,-2.25058761451909E-49,1.));
#2707=DIRECTION('center_axis',(-4.21672349077918E-97,-1.,-2.25058761451909E-49));
#2708=DIRECTION('ref_axis',(4.4408920985006E-15,-2.25058761451909E-49,1.));
#2709=DIRECTION('',(4.21672349077918E-97,1.,2.25058761451909E-49));
#2710=DIRECTION('center_axis',(-4.21672349077918E-97,-1.,-2.25058761451909E-49));
#2711=DIRECTION('ref_axis',(4.4408920985006E-15,-2.25058761451909E-49,1.));
#2712=DIRECTION('center_axis',(-1.,-1.76375586844384E-64,7.83686827860167E-16));
#2713=DIRECTION('ref_axis',(7.83686827860167E-16,-2.25058761451909E-49,
1.));
#2714=DIRECTION('',(7.83686827860167E-16,-2.25058761451909E-49,1.));
#2715=DIRECTION('',(4.21672349077918E-97,1.,2.25058761451909E-49));
#2716=DIRECTION('',(7.83686827860167E-16,-2.25058761451909E-49,1.));
#2717=DIRECTION('center_axis',(4.21672349077918E-97,1.,2.25058761451909E-49));
#2718=DIRECTION('ref_axis',(1.,-4.99730837715059E-64,2.22044604925031E-15));
#2719=DIRECTION('center_axis',(-4.21672349077918E-97,-1.,-2.25058761451909E-49));
#2720=DIRECTION('ref_axis',(1.,-4.99730837715059E-64,2.22044604925031E-15));
#2721=DIRECTION('',(4.21672349077918E-97,1.,2.25058761451909E-49));
#2722=DIRECTION('center_axis',(-4.21672349077918E-97,-1.,-2.25058761451909E-49));
#2723=DIRECTION('ref_axis',(1.,-4.99730837715059E-64,2.22044604925031E-15));
#2724=DIRECTION('center_axis',(4.21672349077918E-97,1.,2.25058761451909E-49));
#2725=DIRECTION('ref_axis',(-1.,-1.19935401051614E-63,5.32907051820075E-15));
#2726=DIRECTION('center_axis',(4.21672349077918E-97,1.,2.25058761451909E-49));
#2727=DIRECTION('ref_axis',(-1.,-1.19935401051614E-63,5.32907051820075E-15));
#2728=DIRECTION('',(4.21672349077918E-97,1.,2.25058761451909E-49));
#2729=DIRECTION('center_axis',(4.21672349077918E-97,1.,2.25058761451909E-49));
#2730=DIRECTION('ref_axis',(-1.,-1.19935401051614E-63,5.32907051820075E-15));
#2731=DIRECTION('center_axis',(-1.,-8.41651912781209E-64,3.73969850074491E-15));
#2732=DIRECTION('ref_axis',(3.73969850074491E-15,-2.25058761451909E-49,
1.));
#2733=DIRECTION('',(3.73969850074491E-15,-2.25058761451909E-49,1.));
#2734=DIRECTION('',(4.21672349077918E-97,1.,2.25058761451909E-49));
#2735=DIRECTION('',(3.73969850074491E-15,-2.25058761451909E-49,1.));
#2736=DIRECTION('center_axis',(4.21672349077918E-97,1.,2.25058761451909E-49));
#2737=DIRECTION('ref_axis',(1.,1.49919251314518E-63,-6.66133814775093E-15));
#2738=DIRECTION('center_axis',(-4.21672349077918E-97,-1.,-2.25058761451909E-49));
#2739=DIRECTION('ref_axis',(1.,1.49919251314518E-63,-6.66133814775093E-15));
#2740=DIRECTION('',(4.21672349077918E-97,1.,2.25058761451909E-49));
#2741=DIRECTION('center_axis',(-4.21672349077918E-97,-1.,-2.25058761451909E-49));
#2742=DIRECTION('ref_axis',(1.,1.49919251314518E-63,-6.66133814775093E-15));
#2743=DIRECTION('center_axis',(5.31843356785167E-17,-2.25058761451909E-49,
1.));
#2744=DIRECTION('ref_axis',(1.,1.19696007164495E-65,-5.31843356785167E-17));
#2745=DIRECTION('',(1.,1.19696007164495E-65,-5.31843356785167E-17));
#2746=DIRECTION('',(4.21672349077918E-97,1.,2.25058761451909E-49));
#2747=DIRECTION('',(1.,1.19696007164495E-65,-5.31843356785167E-17));
#2748=DIRECTION('center_axis',(4.21672349077918E-97,1.,2.25058761451909E-49));
#2749=DIRECTION('ref_axis',(-8.88178419700117E-15,2.25058761451909E-49,
-1.));
#2750=DIRECTION('center_axis',(-4.21672349077918E-97,-1.,-2.25058761451909E-49));
#2751=DIRECTION('ref_axis',(-8.88178419700117E-15,2.25058761451909E-49,
-1.));
#2752=DIRECTION('',(4.21672349077918E-97,1.,2.25058761451909E-49));
#2753=DIRECTION('center_axis',(-4.21672349077918E-97,-1.,-2.25058761451909E-49));
#2754=DIRECTION('ref_axis',(-8.88178419700117E-15,2.25058761451909E-49,
-1.));
#2755=DIRECTION('center_axis',(1.,-3.78743360751538E-63,1.68286432533518E-14));
#2756=DIRECTION('ref_axis',(1.68286432533518E-14,2.25058761451909E-49,-1.));
#2757=DIRECTION('',(1.68286432533518E-14,2.25058761451909E-49,-1.));
#2758=DIRECTION('',(4.21672349077918E-97,1.,2.25058761451909E-49));
#2759=DIRECTION('',(1.68286432533518E-14,2.25058761451909E-49,-1.));
#2760=DIRECTION('center_axis',(4.21672349077918E-97,1.,2.25058761451909E-49));
#2761=DIRECTION('ref_axis',(-7.10542735760103E-15,-2.25058761451909E-49,
1.));
#2762=DIRECTION('center_axis',(4.21672349077918E-97,1.,2.25058761451909E-49));
#2763=DIRECTION('ref_axis',(-7.10542735760103E-15,-2.25058761451909E-49,
1.));
#2764=DIRECTION('',(4.21672349077918E-97,1.,2.25058761451909E-49));
#2765=DIRECTION('center_axis',(4.21672349077918E-97,1.,2.25058761451909E-49));
#2766=DIRECTION('ref_axis',(-7.10542735760103E-15,-2.25058761451909E-49,
1.));
#2767=DIRECTION('center_axis',(4.21672349077918E-97,1.,2.25058761451909E-49));
#2768=DIRECTION('ref_axis',(1.33226762955019E-14,2.25058761451909E-49,-1.));
#2769=DIRECTION('center_axis',(-4.21672349077918E-97,-1.,-2.25058761451909E-49));
#2770=DIRECTION('ref_axis',(1.33226762955019E-14,2.25058761451909E-49,-1.));
#2771=DIRECTION('',(4.21672349077918E-97,1.,2.25058761451909E-49));
#2772=DIRECTION('center_axis',(-4.21672349077918E-97,-1.,-2.25058761451909E-49));
#2773=DIRECTION('ref_axis',(1.33226762955019E-14,2.25058761451909E-49,-1.));
#2774=DIRECTION('center_axis',(1.,-1.76375586844384E-64,7.83686827860168E-16));
#2775=DIRECTION('ref_axis',(7.83686827860167E-16,2.25058761451909E-49,-1.));
#2776=DIRECTION('',(7.83686827860167E-16,2.25058761451909E-49,-1.));
#2777=DIRECTION('',(7.83686827860167E-16,2.25058761451909E-49,-1.));
#2778=DIRECTION('center_axis',(1.,-4.21672349077918E-97,4.18968671627317E-65));
#2779=DIRECTION('ref_axis',(4.18968671627317E-65,2.25058761451909E-49,-1.));
#2780=DIRECTION('',(4.18968671627317E-65,2.25058761451909E-49,-1.));
#2781=DIRECTION('',(4.21672349077918E-97,1.,2.25058761451909E-49));
#2782=DIRECTION('',(4.18968671627317E-65,2.25058761451909E-49,-1.));
#2783=DIRECTION('',(4.21672349077918E-97,1.,2.25058761451909E-49));
#2784=DIRECTION('center_axis',(4.21672349077918E-97,1.,2.25058761451909E-49));
#2785=DIRECTION('ref_axis',(-4.18968671627317E-65,-2.25058761451909E-49,
1.));
#2786=DIRECTION('center_axis',(4.21672349077918E-97,1.,2.25058761451909E-49));
#2787=DIRECTION('ref_axis',(-4.18968671627317E-65,-2.25058761451909E-49,
1.));
#2788=DIRECTION('',(4.21672349077918E-97,1.,2.25058761451909E-49));
#2789=DIRECTION('center_axis',(4.21672349077918E-97,1.,2.25058761451909E-49));
#2790=DIRECTION('ref_axis',(-4.18968671627317E-65,-2.25058761451909E-49,
1.));
#2791=DIRECTION('center_axis',(-4.18968671627317E-65,-2.25058761451909E-49,
1.));
#2792=DIRECTION('ref_axis',(1.,-4.21672349077918E-97,4.18968671627317E-65));
#2793=DIRECTION('',(1.,-4.21672349077918E-97,4.18968671627317E-65));
#2794=DIRECTION('',(4.21672349077918E-97,1.,2.25058761451909E-49));
#2795=DIRECTION('',(1.,-4.21672349077918E-97,4.18968671627317E-65));
#2796=DIRECTION('center_axis',(4.21672349077918E-97,1.,2.25058761451909E-49));
#2797=DIRECTION('ref_axis',(-1.,-3.99784670172047E-64,1.77635683940025E-15));
#2798=DIRECTION('center_axis',(4.21672349077918E-97,1.,2.25058761451909E-49));
#2799=DIRECTION('ref_axis',(-1.,-3.99784670172047E-64,1.77635683940025E-15));
#2800=DIRECTION('',(4.21672349077918E-97,1.,2.25058761451909E-49));
#2801=DIRECTION('center_axis',(4.21672349077918E-97,1.,2.25058761451909E-49));
#2802=DIRECTION('ref_axis',(-1.,-3.99784670172047E-64,1.77635683940025E-15));
#2803=DIRECTION('center_axis',(-1.,4.21672349077918E-97,-4.18968671627317E-65));
#2804=DIRECTION('ref_axis',(-4.18968671627317E-65,-2.25058761451909E-49,
1.));
#2805=DIRECTION('',(-4.18968671627317E-65,-2.25058761451909E-49,1.));
#2806=DIRECTION('',(4.21672349077918E-97,1.,2.25058761451909E-49));
#2807=DIRECTION('',(-4.18968671627317E-65,-2.25058761451909E-49,1.));
#2808=DIRECTION('center_axis',(4.21672349077918E-97,1.,2.25058761451909E-49));
#2809=DIRECTION('ref_axis',(1.,1.99892335086022E-63,-8.88178419700117E-15));
#2810=DIRECTION('center_axis',(-4.21672349077918E-97,-1.,-2.25058761451909E-49));
#2811=DIRECTION('ref_axis',(1.,1.99892335086022E-63,-8.88178419700117E-15));
#2812=DIRECTION('',(4.21672349077918E-97,1.,2.25058761451909E-49));
#2813=DIRECTION('center_axis',(-4.21672349077918E-97,-1.,-2.25058761451909E-49));
#2814=DIRECTION('ref_axis',(1.,1.99892335086022E-63,-8.88178419700117E-15));
#2815=DIRECTION('center_axis',(4.21672349077918E-97,1.,2.25058761451909E-49));
#2816=DIRECTION('ref_axis',(-1.,-3.99784670172047E-64,1.77635683940025E-15));
#2817=DIRECTION('center_axis',(4.21672349077918E-97,1.,2.25058761451909E-49));
#2818=DIRECTION('ref_axis',(-1.,-3.99784670172047E-64,1.77635683940025E-15));
#2819=DIRECTION('',(4.21672349077918E-97,1.,2.25058761451909E-49));
#2820=DIRECTION('center_axis',(4.21672349077918E-97,1.,2.25058761451909E-49));
#2821=DIRECTION('ref_axis',(-1.,-3.99784670172047E-64,1.77635683940025E-15));
#2822=DIRECTION('center_axis',(-1.,-5.71120947662507E-65,2.53765258449868E-16));
#2823=DIRECTION('ref_axis',(2.53765258449868E-16,-2.25058761451909E-49,
1.));
#2824=DIRECTION('',(2.53765258449868E-16,-2.25058761451909E-49,1.));
#2825=DIRECTION('',(4.21672349077918E-97,1.,2.25058761451909E-49));
#2826=DIRECTION('',(2.53765258449868E-16,-2.25058761451909E-49,1.));
#2827=DIRECTION('center_axis',(4.21672349077918E-97,1.,2.25058761451909E-49));
#2828=DIRECTION('ref_axis',(-3.5527136788005E-15,2.25058761451909E-49,-1.));
#2829=DIRECTION('center_axis',(4.21672349077918E-97,1.,2.25058761451909E-49));
#2830=DIRECTION('ref_axis',(-3.5527136788005E-15,2.25058761451909E-49,-1.));
#2831=DIRECTION('',(4.21672349077918E-97,1.,2.25058761451909E-49));
#2832=DIRECTION('center_axis',(4.21672349077918E-97,1.,2.25058761451909E-49));
#2833=DIRECTION('ref_axis',(-3.5527136788005E-15,2.25058761451909E-49,-1.));
#2834=DIRECTION('center_axis',(4.21672349077918E-97,1.,2.25058761451909E-49));
#2835=DIRECTION('ref_axis',(-4.18968671627317E-65,-2.25058761451909E-49,
1.));
#2836=DIRECTION('center_axis',(-4.21672349077918E-97,-1.,-2.25058761451909E-49));
#2837=DIRECTION('ref_axis',(-4.18968671627317E-65,-2.25058761451909E-49,
1.));
#2838=DIRECTION('',(4.21672349077918E-97,1.,2.25058761451909E-49));
#2839=DIRECTION('center_axis',(-4.21672349077918E-97,-1.,-2.25058761451909E-49));
#2840=DIRECTION('ref_axis',(-4.18968671627317E-65,-2.25058761451909E-49,
1.));
#2841=DIRECTION('center_axis',(-1.,4.21672349077918E-97,-4.18968671627317E-65));
#2842=DIRECTION('ref_axis',(-4.18968671627317E-65,-2.25058761451909E-49,
1.));
#2843=DIRECTION('',(-4.18968671627317E-65,-2.25058761451909E-49,1.));
#2844=DIRECTION('',(4.21672349077918E-97,1.,2.25058761451909E-49));
#2845=DIRECTION('',(-4.18968671627317E-65,-2.25058761451909E-49,1.));
#2846=DIRECTION('center_axis',(4.21672349077918E-97,1.,2.25058761451909E-49));
#2847=DIRECTION('ref_axis',(4.18968671627317E-65,2.25058761451909E-49,-1.));
#2848=DIRECTION('center_axis',(4.21672349077918E-97,1.,2.25058761451909E-49));
#2849=DIRECTION('ref_axis',(4.18968671627317E-65,2.25058761451909E-49,-1.));
#2850=DIRECTION('',(4.21672349077918E-97,1.,2.25058761451909E-49));
#2851=DIRECTION('center_axis',(4.21672349077918E-97,1.,2.25058761451909E-49));
#2852=DIRECTION('ref_axis',(4.18968671627317E-65,2.25058761451909E-49,-1.));
#2853=DIRECTION('center_axis',(-5.25549352474619E-17,2.25058761451909E-49,
-1.));
#2854=DIRECTION('ref_axis',(-1.,-1.1827948634979E-65,5.25549352474619E-17));
#2855=DIRECTION('',(-1.,-1.1827948634979E-65,5.25549352474619E-17));
#2856=DIRECTION('',(4.21672349077918E-97,1.,2.25058761451909E-49));
#2857=DIRECTION('',(-1.,-1.1827948634979E-65,5.25549352474619E-17));
#2858=DIRECTION('center_axis',(4.21672349077918E-97,1.,2.25058761451909E-49));
#2859=DIRECTION('ref_axis',(1.,3.99784670172047E-64,-1.77635683940025E-15));
#2860=DIRECTION('center_axis',(4.21672349077918E-97,1.,2.25058761451909E-49));
#2861=DIRECTION('ref_axis',(1.,3.99784670172047E-64,-1.77635683940025E-15));
#2862=DIRECTION('',(4.21672349077918E-97,1.,2.25058761451909E-49));
#2863=DIRECTION('center_axis',(4.21672349077918E-97,1.,2.25058761451909E-49));
#2864=DIRECTION('ref_axis',(1.,3.99784670172047E-64,-1.77635683940025E-15));
#2865=DIRECTION('center_axis',(1.,-4.21672349077918E-97,4.18968671627317E-65));
#2866=DIRECTION('ref_axis',(4.18968671627317E-65,2.25058761451909E-49,-1.));
#2867=DIRECTION('',(4.18968671627317E-65,2.25058761451909E-49,-1.));
#2868=DIRECTION('',(4.21672349077918E-97,1.,2.25058761451909E-49));
#2869=DIRECTION('',(4.18968671627317E-65,2.25058761451909E-49,-1.));
#2870=DIRECTION('center_axis',(4.21672349077918E-97,1.,2.25058761451909E-49));
#2871=DIRECTION('ref_axis',(-1.,-1.49919251314517E-63,6.6613381477509E-15));
#2872=DIRECTION('center_axis',(-4.21672349077918E-97,-1.,-2.25058761451909E-49));
#2873=DIRECTION('ref_axis',(-1.,-1.49919251314517E-63,6.6613381477509E-15));
#2874=DIRECTION('',(4.21672349077918E-97,1.,2.25058761451909E-49));
#2875=DIRECTION('center_axis',(-4.21672349077918E-97,-1.,-2.25058761451909E-49));
#2876=DIRECTION('ref_axis',(-1.,-1.49919251314517E-63,6.6613381477509E-15));
#2877=DIRECTION('center_axis',(4.21672349077918E-97,1.,2.25058761451909E-49));
#2878=DIRECTION('ref_axis',(1.,3.19827736137638E-63,-1.4210854715202E-14));
#2879=DIRECTION('center_axis',(4.21672349077918E-97,1.,2.25058761451909E-49));
#2880=DIRECTION('ref_axis',(1.,3.19827736137638E-63,-1.4210854715202E-14));
#2881=DIRECTION('',(4.21672349077918E-97,1.,2.25058761451909E-49));
#2882=DIRECTION('center_axis',(4.21672349077918E-97,1.,2.25058761451909E-49));
#2883=DIRECTION('ref_axis',(1.,3.19827736137638E-63,-1.4210854715202E-14));
#2884=DIRECTION('center_axis',(1.,-4.21672349077918E-97,4.18968671627317E-65));
#2885=DIRECTION('ref_axis',(4.18968671627317E-65,2.25058761451909E-49,-1.));
#2886=DIRECTION('',(4.18968671627317E-65,2.25058761451909E-49,-1.));
#2887=DIRECTION('',(4.21672349077918E-97,1.,2.25058761451909E-49));
#2888=DIRECTION('',(4.18968671627317E-65,2.25058761451909E-49,-1.));
#2889=DIRECTION('center_axis',(4.21672349077918E-97,1.,2.25058761451909E-49));
#2890=DIRECTION('ref_axis',(-4.18968671627317E-65,-2.25058761451909E-49,
1.));
#2891=DIRECTION('center_axis',(4.21672349077918E-97,1.,2.25058761451909E-49));
#2892=DIRECTION('ref_axis',(-4.18968671627317E-65,-2.25058761451909E-49,
1.));
#2893=DIRECTION('',(4.21672349077918E-97,1.,2.25058761451909E-49));
#2894=DIRECTION('center_axis',(4.21672349077918E-97,1.,2.25058761451909E-49));
#2895=DIRECTION('ref_axis',(-4.18968671627317E-65,-2.25058761451909E-49,
1.));
#2896=DIRECTION('center_axis',(4.21672349077918E-97,1.,2.25058761451909E-49));
#2897=DIRECTION('ref_axis',(4.44089209850062E-15,2.25058761451909E-49,-1.));
#2898=DIRECTION('center_axis',(-4.21672349077918E-97,-1.,-2.25058761451909E-49));
#2899=DIRECTION('ref_axis',(4.44089209850062E-15,2.25058761451909E-49,-1.));
#2900=DIRECTION('center_axis',(-4.21672349077918E-97,-1.,-2.25058761451909E-49));
#2901=DIRECTION('ref_axis',(4.44089209850062E-15,2.25058761451909E-49,-1.));
#2902=DIRECTION('center_axis',(4.21672349077918E-97,1.,2.25058761451909E-49));
#2903=DIRECTION('ref_axis',(1.,-4.21672349077918E-97,4.18968671627317E-65));
#2904=DIRECTION('center_axis',(4.21672349077918E-97,1.,2.25058761451909E-49));
#2905=DIRECTION('ref_axis',(1.,-4.21672349077918E-97,4.18968671627317E-65));
#2906=DIRECTION('center_axis',(4.21672349077918E-97,1.,2.25058761451909E-49));
#2907=DIRECTION('ref_axis',(-0.707106781186549,1.5914057638809E-49,-0.707106781186546));
#2908=DIRECTION('',(1.,-4.21672349077918E-97,4.18968671627317E-65));
#2909=DIRECTION('center_axis',(4.21672349077918E-97,1.,2.25058761451909E-49));
#2910=DIRECTION('ref_axis',(0.707106781186549,1.5914057638809E-49,-0.707106781186546));
#2911=DIRECTION('',(-4.18968671627317E-65,-2.25058761451909E-49,1.));
#2912=DIRECTION('center_axis',(4.21672349077918E-97,1.,2.25058761451909E-49));
#2913=DIRECTION('ref_axis',(0.707106781186549,-1.5914057638809E-49,0.707106781186546));
#2914=DIRECTION('',(-1.,4.21672349077918E-97,-4.18968671627317E-65));
#2915=DIRECTION('center_axis',(4.21672349077918E-97,1.,2.25058761451909E-49));
#2916=DIRECTION('ref_axis',(-0.707106781186549,-1.5914057638809E-49,0.707106781186546));
#2917=DIRECTION('',(4.18968671627317E-65,2.25058761451909E-49,-1.));
#2918=DIRECTION('center_axis',(4.21672349077918E-97,1.,2.25058761451909E-49));
#2919=DIRECTION('ref_axis',(-0.707106781186549,1.5914057638809E-49,-0.707106781186546));
#2920=DIRECTION('center_axis',(-4.21672349077918E-97,-1.,-2.25058761451909E-49));
#2921=DIRECTION('ref_axis',(-0.707106781186549,1.5914057638809E-49,-0.707106781186546));
#2922=DIRECTION('',(-4.21672349077918E-97,-1.,-2.25058761451909E-49));
#2923=DIRECTION('',(4.21672349077918E-97,1.,2.25058761451909E-49));
#2924=DIRECTION('center_axis',(4.18968671627317E-65,2.25058761451909E-49,
-1.));
#2925=DIRECTION('ref_axis',(-1.,4.21672349077918E-97,-4.18968671627317E-65));
#2926=DIRECTION('',(-1.,4.21672349077918E-97,-4.18968671627317E-65));
#2927=DIRECTION('',(4.21672349077918E-97,1.,2.25058761451909E-49));
#2928=DIRECTION('center_axis',(4.21672349077918E-97,1.,2.25058761451909E-49));
#2929=DIRECTION('ref_axis',(-4.18968671627317E-65,-2.25058761451909E-49,
1.));
#2930=DIRECTION('',(-4.18968671627317E-65,-2.25058761451909E-49,1.));
#2931=DIRECTION('center_axis',(-4.21672349077918E-97,-1.,-2.25058761451909E-49));
#2932=DIRECTION('ref_axis',(-0.707106781186549,-1.5914057638809E-49,0.707106781186546));
#2933=DIRECTION('',(1.,-4.21672349077918E-97,4.18968671627317E-65));
#2934=DIRECTION('center_axis',(-4.21672349077918E-97,-1.,-2.25058761451909E-49));
#2935=DIRECTION('ref_axis',(0.707106781186549,-1.5914057638809E-49,0.707106781186546));
#2936=DIRECTION('',(4.18968671627317E-65,2.25058761451909E-49,-1.));
#2937=DIRECTION('center_axis',(-4.21672349077918E-97,-1.,-2.25058761451909E-49));
#2938=DIRECTION('ref_axis',(0.707106781186549,1.5914057638809E-49,-0.707106781186546));
#2939=DIRECTION('center_axis',(4.21672349077918E-97,1.,2.25058761451909E-49));
#2940=DIRECTION('ref_axis',(-0.707106781186549,-1.5914057638809E-49,0.707106781186546));
#2941=DIRECTION('',(-4.21672349077918E-97,-1.,-2.25058761451909E-49));
#2942=DIRECTION('',(4.21672349077918E-97,1.,2.25058761451909E-49));
#2943=DIRECTION('center_axis',(-4.18968671627317E-65,-2.25058761451909E-49,
1.));
#2944=DIRECTION('ref_axis',(1.,-4.21672349077918E-97,4.18968671627317E-65));
#2945=DIRECTION('',(-4.21672349077918E-97,-1.,-2.25058761451909E-49));
#2946=DIRECTION('center_axis',(4.21672349077918E-97,1.,2.25058761451909E-49));
#2947=DIRECTION('ref_axis',(0.707106781186549,-1.5914057638809E-49,0.707106781186546));
#2948=DIRECTION('',(4.21672349077918E-97,1.,2.25058761451909E-49));
#2949=DIRECTION('center_axis',(4.21672349077918E-97,1.,2.25058761451909E-49));
#2950=DIRECTION('ref_axis',(0.707106781186549,1.5914057638809E-49,-0.707106781186546));
#2951=DIRECTION('',(-4.21672349077918E-97,-1.,-2.25058761451909E-49));
#2952=DIRECTION('center_axis',(1.,-4.21672349077918E-97,4.18968671627317E-65));
#2953=DIRECTION('ref_axis',(4.18968671627317E-65,2.25058761451909E-49,-1.));
#2954=DIRECTION('center_axis',(-1.,4.21672349077918E-97,-4.18968671627317E-65));
#2955=DIRECTION('ref_axis',(-4.18968671627317E-65,-2.25058761451909E-49,
1.));
#2956=DIRECTION('center_axis',(4.21672349077918E-97,1.,2.25058761451909E-49));
#2957=DIRECTION('ref_axis',(1.,-4.21672349077918E-97,4.18968671627317E-65));
#2958=CARTESIAN_POINT('',(0.,0.,0.));
#2959=CARTESIAN_POINT('Origin',(94.0000014007092,12.25,-54.0000008046627));
#2960=CARTESIAN_POINT('',(96.5000014007092,11.5,-54.0000008046627));
#2961=CARTESIAN_POINT('',(91.5000014007092,11.5,-54.0000008046627));
#2962=CARTESIAN_POINT('Origin',(94.0000014007092,11.5,-54.0000008046627));
#2963=CARTESIAN_POINT('Origin',(94.0000014007092,11.5,-54.0000008046627));
#2964=CARTESIAN_POINT('',(98.0000014007092,13.,-54.0000008046627));
#2965=CARTESIAN_POINT('',(97.2500014007092,12.25,-54.0000008046627));
#2966=CARTESIAN_POINT('Origin',(94.0000014007092,13.,-54.0000008046627));
#2967=CARTESIAN_POINT('Origin',(94.0000014007092,-8.88178419700125E-15,
-54.0000008046627));
#2968=CARTESIAN_POINT('',(91.5000014007092,-8.88178419700125E-15,-54.0000008046627));
#2969=CARTESIAN_POINT('Origin',(94.0000014007092,-8.88178419700125E-15,
-54.0000008046627));
#2970=CARTESIAN_POINT('',(91.5000014007092,-8.88178419700125E-15,-54.0000008046627));
#2971=CARTESIAN_POINT('Origin',(94.0000014007092,12.25,54.0000008046627));
#2972=CARTESIAN_POINT('',(96.5000014007092,11.5,54.0000008046627));
#2973=CARTESIAN_POINT('',(91.5000014007092,11.5,54.0000008046627));
#2974=CARTESIAN_POINT('Origin',(94.0000014007092,11.5,54.0000008046627));
#2975=CARTESIAN_POINT('Origin',(94.0000014007092,11.5,54.0000008046627));
#2976=CARTESIAN_POINT('',(98.0000014007092,13.,54.0000008046627));
#2977=CARTESIAN_POINT('',(97.2500014007092,12.25,54.0000008046627));
#2978=CARTESIAN_POINT('Origin',(94.0000014007092,13.,54.0000008046627));
#2979=CARTESIAN_POINT('Origin',(94.0000014007092,-8.88178419700125E-15,
54.0000008046627));
#2980=CARTESIAN_POINT('',(91.5000014007092,-8.88178419700125E-15,54.0000008046627));
#2981=CARTESIAN_POINT('Origin',(94.0000014007092,-8.88178419700125E-15,
54.0000008046627));
#2982=CARTESIAN_POINT('',(91.5000014007092,-8.88178419700125E-15,54.0000008046627));
#2983=CARTESIAN_POINT('Origin',(-94.0000014007092,12.25,54.0000008046627));
#2984=CARTESIAN_POINT('',(-91.5000014007092,11.5,54.0000008046627));
#2985=CARTESIAN_POINT('',(-96.5000014007092,11.5,54.0000008046627));
#2986=CARTESIAN_POINT('Origin',(-94.0000014007092,11.5,54.0000008046627));
#2987=CARTESIAN_POINT('Origin',(-94.0000014007092,11.5,54.0000008046627));
#2988=CARTESIAN_POINT('',(-90.,13.,54.));
#2989=CARTESIAN_POINT('',(-90.7500014007092,12.25,54.0000008046627));
#2990=CARTESIAN_POINT('Origin',(-94.,13.,54.));
#2991=CARTESIAN_POINT('Origin',(-94.0000014007092,-8.88178419700125E-15,
54.0000008046627));
#2992=CARTESIAN_POINT('',(-96.5000014007092,-8.88178419700125E-15,54.0000008046627));
#2993=CARTESIAN_POINT('Origin',(-94.0000014007092,-8.88178419700125E-15,
54.0000008046627));
#2994=CARTESIAN_POINT('',(-96.5000014007092,-8.88178419700125E-15,54.0000008046627));
#2995=CARTESIAN_POINT('Origin',(-94.0000014007092,12.25,-54.0000008046627));
#2996=CARTESIAN_POINT('',(-91.5000014007092,11.5,-54.0000008046627));
#2997=CARTESIAN_POINT('',(-96.5000014007092,11.5,-54.0000008046627));
#2998=CARTESIAN_POINT('Origin',(-94.0000014007092,11.5,-54.0000008046627));
#2999=CARTESIAN_POINT('Origin',(-94.0000014007092,11.5,-54.0000008046627));
#3000=CARTESIAN_POINT('',(-90.,13.,-54.));
#3001=CARTESIAN_POINT('',(-90.7500014007092,12.25,-54.0000008046627));
#3002=CARTESIAN_POINT('Origin',(-94.,13.,-54.));
#3003=CARTESIAN_POINT('Origin',(-94.0000014007092,-8.88178419700125E-15,
-54.0000008046627));
#3004=CARTESIAN_POINT('',(-96.5000014007092,-8.88178419700125E-15,-54.0000008046627));
#3005=CARTESIAN_POINT('Origin',(-94.0000014007092,-8.88178419700125E-15,
-54.0000008046627));
#3006=CARTESIAN_POINT('',(-96.5000014007092,-8.88178419700125E-15,-54.0000008046627));
#3007=CARTESIAN_POINT('Origin',(-90.5000013485551,-8.88178419700125E-15,
58.0000008642673));
#3008=CARTESIAN_POINT('',(-91.5000013485551,-8.88178419700125E-15,58.0000008642673));
#3009=CARTESIAN_POINT('Origin',(-90.5000013485551,-8.88178419700125E-15,
58.0000008642673));
#3010=CARTESIAN_POINT('',(-91.5000013485551,13.,58.0000008642673));
#3011=CARTESIAN_POINT('',(-91.5000013485551,-8.88178419700125E-15,58.0000008642673));
#3012=CARTESIAN_POINT('Origin',(-90.5000013485551,13.,58.0000008642673));
#3013=CARTESIAN_POINT('Origin',(-90.5000013485551,13.,58.0000008642673));
#3014=CARTESIAN_POINT('Origin',(-93.9842209774987,-8.88178419700125E-15,
-54.0554747775409));
#3015=CARTESIAN_POINT('',(-90.9999979659915,-8.88178419700125E-15,-48.799998909235));
#3016=CARTESIAN_POINT('',(-99.0011739929043,-8.88178419700125E-15,-50.6856385758883));
#3017=CARTESIAN_POINT('Origin',(-93.9842209774987,-8.88178419700125E-15,
-54.0554747775409));
#3018=CARTESIAN_POINT('',(-90.9999979659915,13.,-48.799998909235));
#3019=CARTESIAN_POINT('',(-90.9999979659915,-8.88178419700125E-15,-48.799998909235));
#3020=CARTESIAN_POINT('',(-99.0011739929043,13.,-50.6856385758883));
#3021=CARTESIAN_POINT('Origin',(-93.9842209774987,13.,-54.0554747775409));
#3022=CARTESIAN_POINT('',(-99.0011739929043,-8.88178419700125E-15,-50.6856385758883));
#3023=CARTESIAN_POINT('Origin',(-90.9999979659915,-8.88178419700125E-15,
-44.5000006183982));
#3024=CARTESIAN_POINT('',(-90.9999979659915,-8.88178419700125E-15,-44.5000006183982));
#3025=CARTESIAN_POINT('',(-90.9999979659915,-8.88178419700125E-15,-22.2500003091991));
#3026=CARTESIAN_POINT('',(-90.9999979659915,13.,-44.5000006183982));
#3027=CARTESIAN_POINT('',(-90.9999979659915,-8.88178419700125E-15,-44.5000006183982));
#3028=CARTESIAN_POINT('',(-90.9999979659915,13.,-48.799998909235));
#3029=CARTESIAN_POINT('Origin',(-93.9999979659915,-8.88178419700125E-15,
-44.5000006183982));
#3030=CARTESIAN_POINT('',(-93.6748801585265,-8.88178419700125E-15,-41.5176695745886));
#3031=CARTESIAN_POINT('Origin',(-93.9999979659915,-8.88178419700125E-15,
-44.5000006183982));
#3032=CARTESIAN_POINT('',(-93.6748801585265,13.,-41.5176695745886));
#3033=CARTESIAN_POINT('',(-93.6748801585265,-8.88178419700125E-15,-41.5176695745886));
#3034=CARTESIAN_POINT('Origin',(-93.9999979659915,13.,-44.5000006183982));
#3035=CARTESIAN_POINT('Origin',(-93.1075651075775,-8.88178419700125E-15,
-34.8758043124996));
#3036=CARTESIAN_POINT('',(-99.0011739929043,-8.88178419700125E-15,-37.9905426375559));
#3037=CARTESIAN_POINT('Origin',(-93.1075651075775,-8.88178419700125E-15,
-34.8758043124996));
#3038=CARTESIAN_POINT('',(-99.0011739929043,13.,-37.9905426375559));
#3039=CARTESIAN_POINT('',(-99.0011739929043,-8.88178419700125E-15,-37.9905426375559));
#3040=CARTESIAN_POINT('Origin',(-93.1075651075775,13.,-34.8758043124996));
#3041=CARTESIAN_POINT('Origin',(-99.0011739929043,-8.88178419700125E-15,
-50.6856385758883));
#3042=CARTESIAN_POINT('',(-99.0011739929043,-8.88178419700125E-15,-25.3428192879443));
#3043=CARTESIAN_POINT('',(-99.0011739929043,13.,-50.6856385758883));
#3044=CARTESIAN_POINT('Origin',(-95.0005859794479,13.,-44.3380906067221));
#3045=CARTESIAN_POINT('Origin',(-90.9999979659915,-8.88178419700125E-15,
48.799998909235));
#3046=CARTESIAN_POINT('',(-90.9999979659915,-8.88178419700125E-15,48.799998909235));
#3047=CARTESIAN_POINT('',(-90.9999979659915,-8.88178419700125E-15,44.5000006183982));
#3048=CARTESIAN_POINT('',(-90.9999979659915,-8.88178419700125E-15,24.3999994546175));
#3049=CARTESIAN_POINT('',(-90.9999979659915,13.,48.799998909235));
#3050=CARTESIAN_POINT('',(-90.9999979659915,-8.88178419700125E-15,48.799998909235));
#3051=CARTESIAN_POINT('',(-90.9999979659915,13.,44.5000006183982));
#3052=CARTESIAN_POINT('',(-90.9999979659915,13.,48.799998909235));
#3053=CARTESIAN_POINT('',(-90.9999979659915,-8.88178419700125E-15,44.5000006183982));
#3054=CARTESIAN_POINT('Origin',(-93.9842209774987,-8.88178419700125E-15,
54.0554747775409));
#3055=CARTESIAN_POINT('',(-99.0011739929043,-8.88178419700125E-15,50.6856385758883));
#3056=CARTESIAN_POINT('Origin',(-93.9842209774987,-8.88178419700125E-15,
54.0554747775409));
#3057=CARTESIAN_POINT('',(-99.0011739929043,13.,50.6856385758883));
#3058=CARTESIAN_POINT('',(-99.0011739929043,-8.88178419700125E-15,50.6856385758883));
#3059=CARTESIAN_POINT('Origin',(-93.9842209774987,13.,54.0554747775409));
#3060=CARTESIAN_POINT('Origin',(-99.0011739929043,-8.88178419700125E-15,
37.9905426375559));
#3061=CARTESIAN_POINT('',(-99.0011739929043,-8.88178419700125E-15,37.9905426375559));
#3062=CARTESIAN_POINT('',(-99.0011739929044,-8.88178419700125E-15,18.9952713187781));
#3063=CARTESIAN_POINT('',(-99.0011739929043,13.,37.9905426375559));
#3064=CARTESIAN_POINT('',(-99.0011739929043,-8.88178419700125E-15,37.9905426375559));
#3065=CARTESIAN_POINT('',(-99.0011739929043,13.,50.6856385758883));
#3066=CARTESIAN_POINT('Origin',(-93.1075651075775,-8.88178419700125E-15,
34.8758043124997));
#3067=CARTESIAN_POINT('',(-93.6748802255816,-8.88178419700125E-15,41.5176695745885));
#3068=CARTESIAN_POINT('Origin',(-93.1075651075775,-8.88178419700125E-15,
34.8758043124997));
#3069=CARTESIAN_POINT('',(-93.6748802255816,13.,41.5176695745885));
#3070=CARTESIAN_POINT('',(-93.6748802255816,-8.88178419700125E-15,41.5176695745885));
#3071=CARTESIAN_POINT('Origin',(-93.1075651075775,13.,34.8758043124997));
#3072=CARTESIAN_POINT('Origin',(-93.9999979659915,-8.88178419700125E-15,
44.5000006183982));
#3073=CARTESIAN_POINT('Origin',(-93.9999979659915,-8.88178419700125E-15,
44.5000006183982));
#3074=CARTESIAN_POINT('Origin',(-93.9999979659915,13.,44.5000006183982));
#3075=CARTESIAN_POINT('Origin',(-95.0005859794479,13.,44.3380906067221));
#3076=CARTESIAN_POINT('Origin',(93.9842209774987,-8.88178419700125E-15,
-54.0554747775409));
#3077=CARTESIAN_POINT('',(99.0011739929043,-8.88178419700125E-15,-50.6856385758883));
#3078=CARTESIAN_POINT('',(90.9999979659915,-8.88178419700125E-15,-48.799998909235));
#3079=CARTESIAN_POINT('Origin',(93.9842209774987,-8.88178419700125E-15,
-54.0554747775409));
#3080=CARTESIAN_POINT('',(99.0011739929043,13.,-50.6856385758883));
#3081=CARTESIAN_POINT('',(99.0011739929043,-8.88178419700125E-15,-50.6856385758883));
#3082=CARTESIAN_POINT('',(90.9999979659915,13.,-48.799998909235));
#3083=CARTESIAN_POINT('Origin',(93.9842209774987,13.,-54.0554747775409));
#3084=CARTESIAN_POINT('',(90.9999979659915,-8.88178419700125E-15,-48.799998909235));
#3085=CARTESIAN_POINT('Origin',(99.0011739929043,-8.88178419700125E-15,
-37.9905426375559));
#3086=CARTESIAN_POINT('',(99.0011739929043,-8.88178419700125E-15,-37.9905426375559));
#3087=CARTESIAN_POINT('',(99.0011739929044,-8.88178419700125E-15,-18.9952713187781));
#3088=CARTESIAN_POINT('',(99.0011739929043,13.,-37.9905426375559));
#3089=CARTESIAN_POINT('',(99.0011739929043,-8.88178419700125E-15,-37.9905426375559));
#3090=CARTESIAN_POINT('',(99.0011739929043,13.,-50.6856385758883));
#3091=CARTESIAN_POINT('Origin',(93.1075651075775,-8.88178419700125E-15,
-34.8758043124996));
#3092=CARTESIAN_POINT('',(93.6748802255816,-8.88178419700125E-15,-41.5176695745885));
#3093=CARTESIAN_POINT('Origin',(93.1075651075775,-8.88178419700125E-15,
-34.8758043124996));
#3094=CARTESIAN_POINT('',(93.6748802255816,13.,-41.5176695745885));
#3095=CARTESIAN_POINT('',(93.6748802255816,-8.88178419700125E-15,-41.5176695745885));
#3096=CARTESIAN_POINT('Origin',(93.1075651075775,13.,-34.8758043124996));
#3097=CARTESIAN_POINT('Origin',(93.9999979659915,-8.88178419700125E-15,
-44.5000006183982));
#3098=CARTESIAN_POINT('',(90.9999979659915,-8.88178419700125E-15,-44.5000006183982));
#3099=CARTESIAN_POINT('Origin',(93.9999979659915,-8.88178419700125E-15,
-44.5000006183982));
#3100=CARTESIAN_POINT('',(90.9999979659915,13.,-44.5000006183982));
#3101=CARTESIAN_POINT('',(90.9999979659915,-8.88178419700125E-15,-44.5000006183982));
#3102=CARTESIAN_POINT('Origin',(93.9999979659915,13.,-44.5000006183982));
#3103=CARTESIAN_POINT('Origin',(90.9999979659915,-8.88178419700125E-15,
-48.799998909235));
#3104=CARTESIAN_POINT('',(90.9999979659915,-8.88178419700125E-15,-24.3999994546175));
#3105=CARTESIAN_POINT('',(90.9999979659915,13.,-48.799998909235));
#3106=CARTESIAN_POINT('Origin',(95.0005859794479,13.,-44.3380906067221));
#3107=CARTESIAN_POINT('Origin',(90.9999979659915,-8.88178419700125E-15,
44.5000006183982));
#3108=CARTESIAN_POINT('',(90.9999979659915,-8.88178419700125E-15,44.5000006183982));
#3109=CARTESIAN_POINT('',(90.9999979659915,-8.88178419700125E-15,48.799998909235));
#3110=CARTESIAN_POINT('',(90.9999979659915,-8.88178419700125E-15,22.2500003091991));
#3111=CARTESIAN_POINT('',(90.9999979659915,13.,44.5000006183982));
#3112=CARTESIAN_POINT('',(90.9999979659915,-8.88178419700125E-15,44.5000006183982));
#3113=CARTESIAN_POINT('',(90.9999979659915,13.,48.799998909235));
#3114=CARTESIAN_POINT('',(90.9999979659915,13.,48.799998909235));
#3115=CARTESIAN_POINT('',(90.9999979659915,-8.88178419700125E-15,48.799998909235));
#3116=CARTESIAN_POINT('Origin',(93.9999979659915,-8.88178419700125E-15,
44.5000006183982));
#3117=CARTESIAN_POINT('',(93.6748801585265,-8.88178419700125E-15,41.5176695745886));
#3118=CARTESIAN_POINT('Origin',(93.9999979659915,-8.88178419700125E-15,
44.5000006183982));
#3119=CARTESIAN_POINT('',(93.6748801585265,13.,41.5176695745886));
#3120=CARTESIAN_POINT('',(93.6748801585265,-8.88178419700125E-15,41.5176695745886));
#3121=CARTESIAN_POINT('Origin',(93.9999979659915,13.,44.5000006183982));
#3122=CARTESIAN_POINT('Origin',(93.1075651075775,-8.88178419700125E-15,
34.8758043124996));
#3123=CARTESIAN_POINT('',(99.0011739929043,-8.88178419700125E-15,37.9905426375559));
#3124=CARTESIAN_POINT('Origin',(93.1075651075775,-8.88178419700125E-15,
34.8758043124996));
#3125=CARTESIAN_POINT('',(99.0011739929043,13.,37.9905426375559));
#3126=CARTESIAN_POINT('',(99.0011739929043,-8.88178419700125E-15,37.9905426375559));
#3127=CARTESIAN_POINT('Origin',(93.1075651075775,13.,34.8758043124996));
#3128=CARTESIAN_POINT('Origin',(99.0011739929043,-8.88178419700125E-15,
50.6856385758883));
#3129=CARTESIAN_POINT('',(99.0011739929043,-8.88178419700125E-15,50.6856385758883));
#3130=CARTESIAN_POINT('',(99.0011739929043,-8.88178419700125E-15,25.3428192879443));
#3131=CARTESIAN_POINT('',(99.0011739929043,13.,50.6856385758883));
#3132=CARTESIAN_POINT('',(99.0011739929043,-8.88178419700125E-15,50.6856385758883));
#3133=CARTESIAN_POINT('',(99.0011739929043,13.,50.6856385758883));
#3134=CARTESIAN_POINT('Origin',(93.9842209774987,-8.88178419700125E-15,
54.0554747775409));
#3135=CARTESIAN_POINT('Origin',(93.9842209774987,-8.88178419700125E-15,
54.0554747775409));
#3136=CARTESIAN_POINT('Origin',(93.9842209774987,13.,54.0554747775409));
#3137=CARTESIAN_POINT('Origin',(95.0005859794479,13.,44.3380906067221));
#3138=CARTESIAN_POINT('Origin',(94.0000014007092,15.,-54.0000008046627));
#3139=CARTESIAN_POINT('',(98.0000014007092,15.,-54.0000008046627));
#3140=CARTESIAN_POINT('Origin',(94.0000014007092,15.,-54.0000008046627));
#3141=CARTESIAN_POINT('',(98.0000014007092,15.,-54.0000008046627));
#3142=CARTESIAN_POINT('Origin',(-94.,15.,-54.));
#3143=CARTESIAN_POINT('',(-90.,15.,-54.));
#3144=CARTESIAN_POINT('Origin',(-94.,15.,-54.));
#3145=CARTESIAN_POINT('',(-90.,15.,-54.));
#3146=CARTESIAN_POINT('Origin',(94.0000014007092,15.,54.0000008046627));
#3147=CARTESIAN_POINT('',(98.0000014007092,15.,54.0000008046627));
#3148=CARTESIAN_POINT('Origin',(94.0000014007092,15.,54.0000008046627));
#3149=CARTESIAN_POINT('',(98.0000014007092,15.,54.0000008046627));
#3150=CARTESIAN_POINT('Origin',(-94.,15.,54.));
#3151=CARTESIAN_POINT('',(-90.,15.,54.));
#3152=CARTESIAN_POINT('Origin',(-94.,15.,54.));
#3153=CARTESIAN_POINT('',(-90.,15.,54.));
#3154=CARTESIAN_POINT('Origin',(95.5000014230609,-8.88178419700125E-15,
34.000000551343));
#3155=CARTESIAN_POINT('',(95.5000014230609,-8.88178419700125E-15,34.000000551343));
#3156=CARTESIAN_POINT('',(95.5000014230609,-8.88178419700125E-15,-34.000000551343));
#3157=CARTESIAN_POINT('',(95.5000014230609,-8.88178419700125E-15,17.0000002756715));
#3158=CARTESIAN_POINT('',(95.5000014230609,12.,34.000000551343));
#3159=CARTESIAN_POINT('',(95.5000014230609,-8.88178419700125E-15,34.000000551343));
#3160=CARTESIAN_POINT('',(95.5000014230609,12.,-34.000000551343));
#3161=CARTESIAN_POINT('',(95.5000014230609,12.,-34.000000551343));
#3162=CARTESIAN_POINT('',(95.5000014230609,-8.88178419700125E-15,-34.000000551343));
#3163=CARTESIAN_POINT('Origin',(92.5000014230609,-8.88178419700125E-15,
34.0000005513429));
#3164=CARTESIAN_POINT('',(92.5000012889504,-8.88178419700125E-15,37.000000551343));
#3165=CARTESIAN_POINT('Origin',(92.5000014230609,-8.88178419700125E-15,
34.0000005513429));
#3166=CARTESIAN_POINT('',(92.5000012889504,12.,37.000000551343));
#3167=CARTESIAN_POINT('',(92.5000012889504,-8.88178419700125E-15,37.000000551343));
#3168=CARTESIAN_POINT('Origin',(92.5000014230609,12.,34.0000005513429));
#3169=CARTESIAN_POINT('Origin',(92.5000012889504,-8.88178419700125E-15,
43.0000005513429));
#3170=CARTESIAN_POINT('',(86.5000012889504,-8.88178419700125E-15,43.000000551343));
#3171=CARTESIAN_POINT('Origin',(92.5000012889504,-8.88178419700125E-15,
43.0000005513429));
#3172=CARTESIAN_POINT('',(86.5000012889504,12.,43.000000551343));
#3173=CARTESIAN_POINT('',(86.5000012889504,-8.88178419700125E-15,43.000000551343));
#3174=CARTESIAN_POINT('Origin',(92.5000012889504,12.,43.0000005513429));
#3175=CARTESIAN_POINT('Origin',(86.5000012889504,-8.88178419700125E-15,
52.5000007911612));
#3176=CARTESIAN_POINT('',(86.5000012889504,-8.88178419700125E-15,52.5000007911612));
#3177=CARTESIAN_POINT('',(86.5000012889504,-8.88178419700125E-15,26.2500003955806));
#3178=CARTESIAN_POINT('',(86.5000012889504,12.,52.5000007911612));
#3179=CARTESIAN_POINT('',(86.5000012889504,-8.88178419700125E-15,52.5000007911612));
#3180=CARTESIAN_POINT('',(86.5000012889504,12.,43.000000551343));
#3181=CARTESIAN_POINT('Origin',(83.5000012889504,-8.88178419700125E-15,
52.5000007911612));
#3182=CARTESIAN_POINT('',(83.5000012530972,-8.88178419700125E-15,55.5000007911612));
#3183=CARTESIAN_POINT('Origin',(83.5000012889504,-8.88178419700125E-15,
52.5000007911612));
#3184=CARTESIAN_POINT('',(83.5000012530972,12.,55.5000007911612));
#3185=CARTESIAN_POINT('',(83.5000012530972,-8.88178419700125E-15,55.5000007911612));
#3186=CARTESIAN_POINT('Origin',(83.5000012889504,12.,52.5000007911612));
#3187=CARTESIAN_POINT('Origin',(-83.4999981024276,-8.88178419700125E-15,
55.4999987953316));
#3188=CARTESIAN_POINT('',(-83.4999981024275,-8.88178419700125E-15,55.4999987953316));
#3189=CARTESIAN_POINT('',(-41.7499993828561,-8.88178419700125E-15,55.499999294289));
#3190=CARTESIAN_POINT('',(-83.4999981024275,12.,55.4999987953316));
#3191=CARTESIAN_POINT('',(-83.4999981024275,-8.88178419700125E-15,55.4999987953316));
#3192=CARTESIAN_POINT('',(83.5000012530972,12.,55.5000007911612));
#3193=CARTESIAN_POINT('Origin',(-83.4999980665743,-8.88178419700125E-15,
52.4999987953316));
#3194=CARTESIAN_POINT('',(-86.4999980665743,-8.88178419700125E-15,52.4999987953316));
#3195=CARTESIAN_POINT('Origin',(-83.4999980665743,-8.88178419700125E-15,
52.4999987953316));
#3196=CARTESIAN_POINT('',(-86.4999980665743,12.,52.4999987953316));
#3197=CARTESIAN_POINT('',(-86.4999980665743,-8.88178419700125E-15,52.4999987953316));
#3198=CARTESIAN_POINT('Origin',(-83.4999980665743,12.,52.4999987953316));
#3199=CARTESIAN_POINT('Origin',(-86.4999980665743,-8.88178419700125E-15,
43.000000551343));
#3200=CARTESIAN_POINT('',(-86.4999980665743,-8.88178419700125E-15,43.000000551343));
#3201=CARTESIAN_POINT('',(-86.4999980665743,-8.88178419700125E-15,21.5000002756715));
#3202=CARTESIAN_POINT('',(-86.4999980665743,12.,43.000000551343));
#3203=CARTESIAN_POINT('',(-86.4999980665743,-8.88178419700125E-15,43.000000551343));
#3204=CARTESIAN_POINT('',(-86.4999980665743,12.,52.4999987953316));
#3205=CARTESIAN_POINT('Origin',(-92.4999980665743,-8.88178419700125E-15,
43.0000005513429));
#3206=CARTESIAN_POINT('',(-92.4999980665743,-8.88178419700125E-15,37.000000551343));
#3207=CARTESIAN_POINT('Origin',(-92.4999980665743,-8.88178419700125E-15,
43.0000005513429));
#3208=CARTESIAN_POINT('',(-92.4999980665743,12.,37.000000551343));
#3209=CARTESIAN_POINT('',(-92.4999980665743,-8.88178419700125E-15,37.000000551343));
#3210=CARTESIAN_POINT('Origin',(-92.4999980665743,12.,43.0000005513429));
#3211=CARTESIAN_POINT('Origin',(-92.5000014230609,-8.88178419700125E-15,
34.0000005513429));
#3212=CARTESIAN_POINT('',(-95.5000014230609,-8.88178419700125E-15,34.000000551343));
#3213=CARTESIAN_POINT('Origin',(-92.5000014230609,-8.88178419700125E-15,
34.0000005513429));
#3214=CARTESIAN_POINT('',(-95.5000014230609,12.,34.000000551343));
#3215=CARTESIAN_POINT('',(-95.5000014230609,-8.88178419700125E-15,34.000000551343));
#3216=CARTESIAN_POINT('Origin',(-92.5000014230609,12.,34.0000005513429));
#3217=CARTESIAN_POINT('Origin',(-95.5000014230609,-8.88178419700125E-15,
-34.000000551343));
#3218=CARTESIAN_POINT('',(-95.5000014230609,-8.88178419700125E-15,-34.000000551343));
#3219=CARTESIAN_POINT('',(-95.5000014230609,-8.88178419700125E-15,-17.0000002756715));
#3220=CARTESIAN_POINT('',(-95.5000014230609,12.,-34.000000551343));
#3221=CARTESIAN_POINT('',(-95.5000014230609,-8.88178419700125E-15,-34.000000551343));
#3222=CARTESIAN_POINT('',(-95.5000014230609,12.,34.000000551343));
#3223=CARTESIAN_POINT('Origin',(-92.5000014230609,-8.88178419700125E-15,
-34.0000005513429));
#3224=CARTESIAN_POINT('',(-92.5000012889504,-8.88178419700125E-15,-37.000000551343));
#3225=CARTESIAN_POINT('Origin',(-92.5000014230609,-8.88178419700125E-15,
-34.0000005513429));
#3226=CARTESIAN_POINT('',(-92.5000012889505,12.,-37.000000551343));
#3227=CARTESIAN_POINT('',(-92.5000012889504,-8.88178419700125E-15,-37.000000551343));
#3228=CARTESIAN_POINT('Origin',(-92.5000014230609,12.,-34.0000005513429));
#3229=CARTESIAN_POINT('Origin',(-92.5000012889504,-8.88178419700125E-15,
-43.0000005513429));
#3230=CARTESIAN_POINT('',(-86.5000012889504,-8.88178419700125E-15,-43.000000551343));
#3231=CARTESIAN_POINT('Origin',(-92.5000012889504,-8.88178419700125E-15,
-43.0000005513429));
#3232=CARTESIAN_POINT('',(-86.5000012889504,12.,-43.000000551343));
#3233=CARTESIAN_POINT('',(-86.5000012889504,-8.88178419700125E-15,-43.000000551343));
#3234=CARTESIAN_POINT('Origin',(-92.5000012889504,12.,-43.0000005513429));
#3235=CARTESIAN_POINT('Origin',(-86.5000012889504,-8.88178419700125E-15,
-52.5000008270144));
#3236=CARTESIAN_POINT('',(-86.5000012889504,-8.88178419700125E-15,-52.5000008270144));
#3237=CARTESIAN_POINT('',(-86.5000012889504,-8.88178419700125E-15,-26.2500004135072));
#3238=CARTESIAN_POINT('',(-86.5000012889504,12.,-52.5000008270144));
#3239=CARTESIAN_POINT('',(-86.5000012889504,-8.88178419700125E-15,-52.5000008270144));
#3240=CARTESIAN_POINT('',(-86.5000012889504,12.,-43.000000551343));
#3241=CARTESIAN_POINT('Origin',(-83.5000012889504,-8.88178419700125E-15,
-52.5000008270144));
#3242=CARTESIAN_POINT('',(-83.5000012889504,-8.88178419700125E-15,-55.5000008270144));
#3243=CARTESIAN_POINT('Origin',(-83.5000012889504,-8.88178419700125E-15,
-52.5000008270144));
#3244=CARTESIAN_POINT('',(-83.5000012889504,12.,-55.5000008270144));
#3245=CARTESIAN_POINT('',(-83.5000012889504,-8.88178419700125E-15,-55.5000008270144));
#3246=CARTESIAN_POINT('Origin',(-83.5000012889504,12.,-52.5000008270144));
#3247=CARTESIAN_POINT('Origin',(83.5000012889504,-8.88178419700125E-15,
-55.5000008270144));
#3248=CARTESIAN_POINT('',(83.5000012889504,-8.88178419700125E-15,-55.5000008270144));
#3249=CARTESIAN_POINT('',(41.7500006444752,-8.88178419700125E-15,-55.5000008270144));
#3250=CARTESIAN_POINT('',(83.5000012889504,12.,-55.5000008270144));
#3251=CARTESIAN_POINT('',(83.5000012889504,-8.88178419700125E-15,-55.5000008270144));
#3252=CARTESIAN_POINT('',(-83.5000012889504,12.,-55.5000008270144));
#3253=CARTESIAN_POINT('Origin',(83.5000012889504,-8.88178419700125E-15,
-52.5000008270144));
#3254=CARTESIAN_POINT('',(86.5000012889504,-8.88178419700125E-15,-52.5000008270144));
#3255=CARTESIAN_POINT('Origin',(83.5000012889504,-8.88178419700125E-15,
-52.5000008270144));
#3256=CARTESIAN_POINT('',(86.5000012889504,12.,-52.5000008270144));
#3257=CARTESIAN_POINT('',(86.5000012889504,-8.88178419700125E-15,-52.5000008270144));
#3258=CARTESIAN_POINT('Origin',(83.5000012889504,12.,-52.5000008270144));
#3259=CARTESIAN_POINT('Origin',(86.5000012889504,-8.88178419700125E-15,
-43.000000551343));
#3260=CARTESIAN_POINT('',(86.5000012889504,-8.88178419700125E-15,-43.000000551343));
#3261=CARTESIAN_POINT('',(86.5000012889504,-8.88178419700125E-15,-21.5000002756715));
#3262=CARTESIAN_POINT('',(86.5000012889504,12.,-43.000000551343));
#3263=CARTESIAN_POINT('',(86.5000012889504,-8.88178419700125E-15,-43.000000551343));
#3264=CARTESIAN_POINT('',(86.5000012889504,12.,-52.5000008270144));
#3265=CARTESIAN_POINT('Origin',(92.5000012889504,-8.88178419700125E-15,
-43.0000005513429));
#3266=CARTESIAN_POINT('',(92.5000012889505,-8.88178419700125E-15,-37.000000551343));
#3267=CARTESIAN_POINT('Origin',(92.5000012889504,-8.88178419700125E-15,
-43.0000005513429));
#3268=CARTESIAN_POINT('',(92.5000012889505,12.,-37.000000551343));
#3269=CARTESIAN_POINT('',(92.5000012889505,-8.88178419700125E-15,-37.000000551343));
#3270=CARTESIAN_POINT('Origin',(92.5000012889504,12.,-43.0000005513429));
#3271=CARTESIAN_POINT('Origin',(92.5000014230609,-8.88178419700125E-15,
-34.0000005513429));
#3272=CARTESIAN_POINT('Origin',(92.5000014230609,-8.88178419700125E-15,
-34.0000005513429));
#3273=CARTESIAN_POINT('Origin',(92.5000014230609,12.,-34.0000005513429));
#3274=CARTESIAN_POINT('Origin',(9.86076131526265E-31,12.,-1.79266113065069E-8));
#3275=CARTESIAN_POINT('Origin',(-92.5000014379621,-8.88178419700125E-15,
34.0000005662441));
#3276=CARTESIAN_POINT('',(-92.5000013038516,-8.88178419700125E-15,38.0000005662441));
#3277=CARTESIAN_POINT('',(-96.5000014379621,-8.88178419700125E-15,34.0000005662441));
#3278=CARTESIAN_POINT('Origin',(-92.5000014379621,-8.88178419700125E-15,
34.0000005662441));
#3279=CARTESIAN_POINT('',(-92.5000013038516,2.99999999999999,38.0000005662441));
#3280=CARTESIAN_POINT('',(-92.5000013038516,-8.88178419700125E-15,38.0000005662441));
#3281=CARTESIAN_POINT('',(-96.5000014379621,2.99999999999999,34.0000005662441));
#3282=CARTESIAN_POINT('Origin',(-92.5000014379621,2.99999999999999,34.0000005662441));
#3283=CARTESIAN_POINT('',(-96.5000014379621,-8.88178419700125E-15,34.0000005662441));
#3284=CARTESIAN_POINT('Origin',(-92.5000013038516,-8.88178419700125E-15,
43.0000005662442));
#3285=CARTESIAN_POINT('',(-87.5000013038516,-8.88178419700125E-15,43.0000005662442));
#3286=CARTESIAN_POINT('Origin',(-92.5000013038516,-8.88178419700125E-15,
43.0000005662442));
#3287=CARTESIAN_POINT('',(-87.5000013038516,2.99999999999999,43.0000005662442));
#3288=CARTESIAN_POINT('',(-87.5000013038516,-8.88178419700125E-15,43.0000005662442));
#3289=CARTESIAN_POINT('Origin',(-92.5000013038516,2.99999999999999,43.0000005662442));
#3290=CARTESIAN_POINT('Origin',(-87.5000013038517,-8.88178419700125E-15,
52.5000005825558));
#3291=CARTESIAN_POINT('',(-87.5000013038517,-8.88178419700125E-15,52.5000005825558));
#3292=CARTESIAN_POINT('',(-87.5000013038515,-8.88178419700125E-15,26.2500002912777));
#3293=CARTESIAN_POINT('',(-87.5000013038517,2.99999999999999,52.5000005825558));
#3294=CARTESIAN_POINT('',(-87.5000013038517,-8.88178419700125E-15,52.5000005825558));
#3295=CARTESIAN_POINT('',(-87.5000013038516,2.99999999999999,43.0000005662442));
#3296=CARTESIAN_POINT('Origin',(-83.5000013038516,-8.88178419700125E-15,
52.5000005825558));
#3297=CARTESIAN_POINT('',(-83.5000013099186,-8.88178419700125E-15,56.5000005825558));
#3298=CARTESIAN_POINT('Origin',(-83.5000013038516,-8.88178419700125E-15,
52.5000005825558));
#3299=CARTESIAN_POINT('',(-83.5000013099186,2.99999999999999,56.5000005825558));
#3300=CARTESIAN_POINT('',(-83.5000013099186,-8.88178419700125E-15,56.5000005825558));
#3301=CARTESIAN_POINT('Origin',(-83.5000013038516,2.99999999999999,52.5000005825558));
#3302=CARTESIAN_POINT('Origin',(83.5000012977848,-8.88178419700125E-15,
56.5000008358487));
#3303=CARTESIAN_POINT('',(83.5000012977848,-8.88178419700125E-15,56.5000008358487));
#3304=CARTESIAN_POINT('',(41.7500006060449,-8.88178419700125E-15,56.5000007725255));
#3305=CARTESIAN_POINT('',(83.5000012977848,2.99999999999999,56.5000008358487));
#3306=CARTESIAN_POINT('',(83.5000012977848,-8.88178419700125E-15,56.5000008358487));
#3307=CARTESIAN_POINT('',(-83.5000013099186,2.99999999999999,56.5000005825558));
#3308=CARTESIAN_POINT('Origin',(83.5000013038517,-8.88178419700125E-15,
52.5000008358487));
#3309=CARTESIAN_POINT('',(87.5000013038516,-8.88178419700125E-15,52.5000008358488));
#3310=CARTESIAN_POINT('Origin',(83.5000013038517,-8.88178419700125E-15,
52.5000008358487));
#3311=CARTESIAN_POINT('',(87.5000013038516,2.99999999999999,52.5000008358488));
#3312=CARTESIAN_POINT('',(87.5000013038516,-8.88178419700125E-15,52.5000008358488));
#3313=CARTESIAN_POINT('Origin',(83.5000013038517,2.99999999999999,52.5000008358487));
#3314=CARTESIAN_POINT('Origin',(87.5000013038517,-8.88178419700125E-15,
43.0000005662441));
#3315=CARTESIAN_POINT('',(87.5000013038517,-8.88178419700125E-15,43.0000005662441));
#3316=CARTESIAN_POINT('',(87.5000013038519,-8.88178419700125E-15,21.5000002831225));
#3317=CARTESIAN_POINT('',(87.5000013038517,2.99999999999999,43.0000005662441));
#3318=CARTESIAN_POINT('',(87.5000013038517,-8.88178419700125E-15,43.0000005662441));
#3319=CARTESIAN_POINT('',(87.5000013038516,2.99999999999999,52.5000008358488));
#3320=CARTESIAN_POINT('Origin',(92.5000013038517,-8.88178419700125E-15,
43.0000005662441));
#3321=CARTESIAN_POINT('',(92.5000013038517,-8.88178419700125E-15,38.0000005662442));
#3322=CARTESIAN_POINT('Origin',(92.5000013038517,-8.88178419700125E-15,
43.0000005662441));
#3323=CARTESIAN_POINT('',(92.5000013038517,2.99999999999999,38.0000005662442));
#3324=CARTESIAN_POINT('',(92.5000013038517,-8.88178419700125E-15,38.0000005662442));
#3325=CARTESIAN_POINT('Origin',(92.5000013038517,2.99999999999999,43.0000005662441));
#3326=CARTESIAN_POINT('Origin',(92.5000014379621,-8.88178419700125E-15,
34.0000005662441));
#3327=CARTESIAN_POINT('',(96.5000014379621,-8.88178419700125E-15,34.0000005662441));
#3328=CARTESIAN_POINT('Origin',(92.5000014379621,-8.88178419700125E-15,
34.0000005662441));
#3329=CARTESIAN_POINT('',(96.5000014379621,2.99999999999999,34.0000005662441));
#3330=CARTESIAN_POINT('',(96.5000014379621,-8.88178419700125E-15,34.0000005662441));
#3331=CARTESIAN_POINT('Origin',(92.5000014379621,2.99999999999999,34.0000005662441));
#3332=CARTESIAN_POINT('Origin',(96.5000014379621,-8.88178419700125E-15,
-34.0000005662441));
#3333=CARTESIAN_POINT('',(96.5000014379621,-8.88178419700125E-15,-34.0000005662441));
#3334=CARTESIAN_POINT('',(96.5000014379621,-8.88178419700125E-15,-17.0000002831221));
#3335=CARTESIAN_POINT('',(96.5000014379621,2.99999999999999,-34.0000005662441));
#3336=CARTESIAN_POINT('',(96.5000014379621,-8.88178419700125E-15,-34.0000005662441));
#3337=CARTESIAN_POINT('',(96.5000014379621,2.99999999999999,34.0000005662441));
#3338=CARTESIAN_POINT('Origin',(92.5000014379621,-8.88178419700125E-15,
-34.0000005662441));
#3339=CARTESIAN_POINT('',(92.5000013038516,-8.88178419700125E-15,-38.0000005662441));
#3340=CARTESIAN_POINT('Origin',(92.5000014379621,-8.88178419700125E-15,
-34.0000005662441));
#3341=CARTESIAN_POINT('',(92.5000013038516,2.99999999999999,-38.0000005662441));
#3342=CARTESIAN_POINT('',(92.5000013038516,-8.88178419700125E-15,-38.0000005662441));
#3343=CARTESIAN_POINT('Origin',(92.5000014379621,2.99999999999999,-34.0000005662441));
#3344=CARTESIAN_POINT('Origin',(92.5000013038517,-8.88178419700125E-15,
-43.0000005662441));
#3345=CARTESIAN_POINT('',(87.5000013038517,-8.88178419700125E-15,-43.0000005662441));
#3346=CARTESIAN_POINT('Origin',(92.5000013038517,-8.88178419700125E-15,
-43.0000005662441));
#3347=CARTESIAN_POINT('',(87.5000013038517,2.99999999999999,-43.0000005662441));
#3348=CARTESIAN_POINT('',(87.5000013038517,-8.88178419700125E-15,-43.0000005662441));
#3349=CARTESIAN_POINT('Origin',(92.5000013038517,2.99999999999999,-43.0000005662441));
#3350=CARTESIAN_POINT('Origin',(87.5000013038516,-8.88178419700125E-15,
-52.5000008419156));
#3351=CARTESIAN_POINT('',(87.5000013038516,-8.88178419700125E-15,-52.5000008419156));
#3352=CARTESIAN_POINT('',(87.5000013038517,-8.88178419700125E-15,-26.250000420958));
#3353=CARTESIAN_POINT('',(87.5000013038516,2.99999999999999,-52.5000008419156));
#3354=CARTESIAN_POINT('',(87.5000013038516,-8.88178419700125E-15,-52.5000008419156));
#3355=CARTESIAN_POINT('',(87.5000013038516,2.99999999999999,-52.5000008419156));
#3356=CARTESIAN_POINT('Origin',(83.5000013038516,-8.88178419700125E-15,
-52.5000008419156));
#3357=CARTESIAN_POINT('',(83.5000013038517,-8.88178419700125E-15,-56.5000008419156));
#3358=CARTESIAN_POINT('Origin',(83.5000013038516,-8.88178419700125E-15,
-52.5000008419156));
#3359=CARTESIAN_POINT('',(83.5000013038516,2.99999999999999,-56.5000008419156));
#3360=CARTESIAN_POINT('',(83.5000013038517,-8.88178419700125E-15,-56.5000008419156));
#3361=CARTESIAN_POINT('Origin',(83.5000013038516,2.99999999999999,-52.5000008419156));
#3362=CARTESIAN_POINT('Origin',(-83.5000013038517,-8.88178419700125E-15,
-56.5000008419156));
#3363=CARTESIAN_POINT('',(-83.5000013038517,-8.88178419700125E-15,-56.5000008419156));
#3364=CARTESIAN_POINT('',(-41.7500006519258,-8.88178419700125E-15,-56.5000008419156));
#3365=CARTESIAN_POINT('',(-83.5000013038517,2.99999999999999,-56.5000008419156));
#3366=CARTESIAN_POINT('',(-83.5000013038517,-8.88178419700125E-15,-56.5000008419156));
#3367=CARTESIAN_POINT('',(83.5000013038516,2.99999999999999,-56.5000008419156));
#3368=CARTESIAN_POINT('Origin',(-83.5000013038516,-8.88178419700125E-15,
-52.5000008419156));
#3369=CARTESIAN_POINT('',(-87.5000013038517,-8.88178419700125E-15,-52.5000008419157));
#3370=CARTESIAN_POINT('Origin',(-83.5000013038516,-8.88178419700125E-15,
-52.5000008419156));
#3371=CARTESIAN_POINT('',(-87.5000013038517,2.99999999999999,-52.5000008419157));
#3372=CARTESIAN_POINT('',(-87.5000013038517,-8.88178419700125E-15,-52.5000008419157));
#3373=CARTESIAN_POINT('Origin',(-83.5000013038516,2.99999999999999,-52.5000008419156));
#3374=CARTESIAN_POINT('Origin',(-87.5000013038518,-8.88178419700125E-15,
-43.000000566244));
#3375=CARTESIAN_POINT('',(-87.5000013038518,-8.88178419700125E-15,-43.000000566244));
#3376=CARTESIAN_POINT('',(-87.5000013038522,-8.88178419700125E-15,-21.5000002831227));
#3377=CARTESIAN_POINT('',(-87.5000013038518,2.99999999999999,-43.000000566244));
#3378=CARTESIAN_POINT('',(-87.5000013038518,-8.88178419700125E-15,-43.000000566244));
#3379=CARTESIAN_POINT('',(-87.5000013038517,2.99999999999999,-52.5000008419157));
#3380=CARTESIAN_POINT('Origin',(-92.5000013038518,-8.88178419700125E-15,
-43.0000005662441));
#3381=CARTESIAN_POINT('',(-92.5000013038519,-8.88178419700125E-15,-38.0000005662441));
#3382=CARTESIAN_POINT('Origin',(-92.5000013038518,-8.88178419700125E-15,
-43.0000005662441));
#3383=CARTESIAN_POINT('',(-92.5000013038519,2.99999999999999,-38.0000005662441));
#3384=CARTESIAN_POINT('',(-92.5000013038519,-8.88178419700125E-15,-38.0000005662441));
#3385=CARTESIAN_POINT('Origin',(-92.5000013038518,2.99999999999999,-43.0000005662441));
#3386=CARTESIAN_POINT('Origin',(-92.5000014379621,-8.88178419700125E-15,
-34.0000005662441));
#3387=CARTESIAN_POINT('',(-96.5000014379621,-8.88178419700125E-15,-34.0000005662441));
#3388=CARTESIAN_POINT('Origin',(-92.5000014379621,-8.88178419700125E-15,
-34.0000005662441));
#3389=CARTESIAN_POINT('',(-96.5000014379621,2.99999999999999,-34.0000005662441));
#3390=CARTESIAN_POINT('',(-96.5000014379621,-8.88178419700125E-15,-34.0000005662441));
#3391=CARTESIAN_POINT('Origin',(-92.5000014379621,2.99999999999999,-34.0000005662441));
#3392=CARTESIAN_POINT('Origin',(-96.5000014379621,-8.88178419700125E-15,
34.0000005662441));
#3393=CARTESIAN_POINT('',(-96.5000014379621,-8.88178419700125E-15,17.000000283122));
#3394=CARTESIAN_POINT('',(-96.5000014379621,2.99999999999999,-34.0000005662441));
#3395=CARTESIAN_POINT('Origin',(89.5000013336539,-8.88178419700125E-15,
53.5000008717179));
#3396=CARTESIAN_POINT('',(89.5000013336539,-8.88178419700125E-15,53.5000008717179));
#3397=CARTESIAN_POINT('',(89.5000013336539,-8.88178419700125E-15,44.0000005960465));
#3398=CARTESIAN_POINT('',(89.5000013336539,-8.88178419700125E-15,26.750000435859));
#3399=CARTESIAN_POINT('',(89.5000013336539,2.99999999999999,53.5000008717179));
#3400=CARTESIAN_POINT('',(89.5000013336539,-8.88178419700125E-15,53.5000008717179));
#3401=CARTESIAN_POINT('',(89.5000013336539,2.99999999999999,44.0000005960465));
#3402=CARTESIAN_POINT('',(89.5000013336539,2.99999999999999,44.0000005960465));
#3403=CARTESIAN_POINT('',(89.5000013336539,-8.88178419700125E-15,44.0000005960465));
#3404=CARTESIAN_POINT('Origin',(84.5000013336539,-8.88178419700125E-15,
53.5000008717179));
#3405=CARTESIAN_POINT('',(84.5000013336539,-8.88178419700125E-15,58.5000008717179));
#3406=CARTESIAN_POINT('Origin',(84.5000013336539,-8.88178419700125E-15,
53.5000008717179));
#3407=CARTESIAN_POINT('',(84.5000013336539,2.99999999999999,58.5000008717179));
#3408=CARTESIAN_POINT('',(84.5000013336539,-8.88178419700125E-15,58.5000008717179));
#3409=CARTESIAN_POINT('Origin',(84.5000013336539,2.99999999999999,53.5000008717179));
#3410=CARTESIAN_POINT('Origin',(-84.5000013336539,-8.88178419700125E-15,
58.5000008717179));
#3411=CARTESIAN_POINT('',(-84.5000013336539,-8.88178419700125E-15,58.5000008717179));
#3412=CARTESIAN_POINT('',(-42.250000666827,-8.88178419700125E-15,58.5000008717179));
#3413=CARTESIAN_POINT('',(-84.5000013336539,2.99999999999999,58.5000008717179));
#3414=CARTESIAN_POINT('',(-84.5000013336539,-8.88178419700125E-15,58.5000008717179));
#3415=CARTESIAN_POINT('',(-84.5000013336539,2.99999999999999,58.5000008717179));
#3416=CARTESIAN_POINT('Origin',(-84.5000013336539,-8.88178419700125E-15,
53.5000008717179));
#3417=CARTESIAN_POINT('',(-89.5000013336539,-8.88178419700125E-15,53.5000008717179));
#3418=CARTESIAN_POINT('Origin',(-84.5000013336539,-8.88178419700125E-15,
53.5000008717179));
#3419=CARTESIAN_POINT('',(-89.5000013336539,2.99999999999999,53.5000008717179));
#3420=CARTESIAN_POINT('',(-89.5000013336539,-8.88178419700125E-15,53.5000008717179));
#3421=CARTESIAN_POINT('Origin',(-84.5000013336539,2.99999999999999,53.5000008717179));
#3422=CARTESIAN_POINT('Origin',(-89.5000013336539,-8.88178419700125E-15,
44.0000005960464));
#3423=CARTESIAN_POINT('',(-89.5000013336539,-8.88178419700125E-15,44.0000005960464));
#3424=CARTESIAN_POINT('',(-89.5000013336539,-8.88178419700125E-15,22.0000002980232));
#3425=CARTESIAN_POINT('',(-89.5000013336539,2.99999999999999,44.0000005960464));
#3426=CARTESIAN_POINT('',(-89.5000013336539,-8.88178419700125E-15,44.0000005960464));
#3427=CARTESIAN_POINT('',(-89.5000013336539,2.99999999999999,44.0000005960464));
#3428=CARTESIAN_POINT('Origin',(-93.500001333654,-8.88178419700125E-15,
44.0000005960465));
#3429=CARTESIAN_POINT('',(-93.5000013336539,-8.88178419700125E-15,40.0000005960464));
#3430=CARTESIAN_POINT('Origin',(-93.500001333654,-8.88178419700125E-15,
44.0000005960465));
#3431=CARTESIAN_POINT('',(-93.5000013336539,2.99999999999999,40.0000005960464));
#3432=CARTESIAN_POINT('',(-93.5000013336539,-8.88178419700125E-15,40.0000005960464));
#3433=CARTESIAN_POINT('Origin',(-93.500001333654,2.99999999999999,44.0000005960465));
#3434=CARTESIAN_POINT('Origin',(-93.5000014677644,-8.88178419700125E-15,
35.0000005960464));
#3435=CARTESIAN_POINT('',(-98.5000014677644,-8.88178419700125E-15,35.0000005960464));
#3436=CARTESIAN_POINT('Origin',(-93.5000014677644,-8.88178419700125E-15,
35.0000005960464));
#3437=CARTESIAN_POINT('',(-98.5000014677644,2.99999999999999,35.0000005960464));
#3438=CARTESIAN_POINT('',(-98.5000014677644,-8.88178419700125E-15,35.0000005960464));
#3439=CARTESIAN_POINT('Origin',(-93.5000014677644,2.99999999999999,35.0000005960464));
#3440=CARTESIAN_POINT('Origin',(-98.5000014677644,-8.88178419700125E-15,
-35.0000005960465));
#3441=CARTESIAN_POINT('',(-98.5000014677644,-8.88178419700125E-15,-35.0000005960465));
#3442=CARTESIAN_POINT('',(-98.5000014677644,-8.88178419700125E-15,-17.5000002980232));
#3443=CARTESIAN_POINT('',(-98.5000014677644,2.99999999999999,-35.0000005960465));
#3444=CARTESIAN_POINT('',(-98.5000014677644,-8.88178419700125E-15,-35.0000005960465));
#3445=CARTESIAN_POINT('',(-98.5000014677644,2.99999999999999,-35.0000005960465));
#3446=CARTESIAN_POINT('Origin',(-93.5000014677644,-8.88178419700125E-15,
-35.0000005960464));
#3447=CARTESIAN_POINT('',(-93.5000014677644,-8.88178419700125E-15,-40.0000005960464));
#3448=CARTESIAN_POINT('Origin',(-93.5000014677644,-8.88178419700125E-15,
-35.0000005960464));
#3449=CARTESIAN_POINT('',(-93.5000014677644,2.99999999999999,-40.0000005960464));
#3450=CARTESIAN_POINT('',(-93.5000014677644,-8.88178419700125E-15,-40.0000005960464));
#3451=CARTESIAN_POINT('Origin',(-93.5000014677644,2.99999999999999,-35.0000005960464));
#3452=CARTESIAN_POINT('Origin',(-93.5000013336539,-8.88178419700125E-15,
-44.0000005960465));
#3453=CARTESIAN_POINT('',(-89.5000013336539,-8.88178419700125E-15,-44.0000005960465));
#3454=CARTESIAN_POINT('Origin',(-93.5000013336539,-8.88178419700125E-15,
-44.0000005960465));
#3455=CARTESIAN_POINT('',(-89.5000013336539,2.99999999999999,-44.0000005960465));
#3456=CARTESIAN_POINT('',(-89.5000013336539,-8.88178419700125E-15,-44.0000005960465));
#3457=CARTESIAN_POINT('Origin',(-93.5000013336539,2.99999999999999,-44.0000005960465));
#3458=CARTESIAN_POINT('Origin',(-89.5000013336539,-8.88178419700125E-15,
-53.5000008717179));
#3459=CARTESIAN_POINT('',(-89.5000013336539,-8.88178419700125E-15,-53.5000008717179));
#3460=CARTESIAN_POINT('',(-89.5000013336539,-8.88178419700125E-15,-26.750000435859));
#3461=CARTESIAN_POINT('',(-89.5000013336539,2.99999999999999,-53.5000008717179));
#3462=CARTESIAN_POINT('',(-89.5000013336539,-8.88178419700125E-15,-53.5000008717179));
#3463=CARTESIAN_POINT('',(-89.5000013336539,2.99999999999999,-44.0000005960465));
#3464=CARTESIAN_POINT('Origin',(-84.5000013336539,-8.88178419700125E-15,
-53.5000008717179));
#3465=CARTESIAN_POINT('',(-84.5000013336539,-8.88178419700125E-15,-58.5000008717179));
#3466=CARTESIAN_POINT('Origin',(-84.5000013336539,-8.88178419700125E-15,
-53.5000008717179));
#3467=CARTESIAN_POINT('',(-84.5000013336539,2.99999999999999,-58.5000008717179));
#3468=CARTESIAN_POINT('',(-84.5000013336539,-8.88178419700125E-15,-58.5000008717179));
#3469=CARTESIAN_POINT('Origin',(-84.5000013336539,2.99999999999999,-53.5000008717179));
#3470=CARTESIAN_POINT('Origin',(84.5000013336539,-8.88178419700125E-15,
-58.5000008717179));
#3471=CARTESIAN_POINT('',(84.5000013336539,-8.88178419700125E-15,-58.5000008717179));
#3472=CARTESIAN_POINT('',(42.250000666827,-8.88178419700125E-15,-58.5000008717179));
#3473=CARTESIAN_POINT('',(84.5000013336539,2.99999999999999,-58.5000008717179));
#3474=CARTESIAN_POINT('',(84.5000013336539,-8.88178419700125E-15,-58.5000008717179));
#3475=CARTESIAN_POINT('',(84.5000013336539,2.99999999999999,-58.5000008717179));
#3476=CARTESIAN_POINT('Origin',(84.5000013336539,-8.88178419700125E-15,
-53.5000008717179));
#3477=CARTESIAN_POINT('',(89.5000013336539,-8.88178419700125E-15,-53.5000008717179));
#3478=CARTESIAN_POINT('Origin',(84.5000013336539,-8.88178419700125E-15,
-53.5000008717179));
#3479=CARTESIAN_POINT('',(89.5000013336539,2.99999999999999,-53.5000008717179));
#3480=CARTESIAN_POINT('',(89.5000013336539,-8.88178419700125E-15,-53.5000008717179));
#3481=CARTESIAN_POINT('Origin',(84.5000013336539,2.99999999999999,-53.5000008717179));
#3482=CARTESIAN_POINT('Origin',(89.5000013336539,-8.88178419700125E-15,
-44.0000005960464));
#3483=CARTESIAN_POINT('',(89.5000013336539,-8.88178419700125E-15,-44.0000005960464));
#3484=CARTESIAN_POINT('',(89.5000013336539,-8.88178419700125E-15,-22.0000002980232));
#3485=CARTESIAN_POINT('',(89.5000013336539,2.99999999999999,-44.0000005960464));
#3486=CARTESIAN_POINT('',(89.5000013336539,-8.88178419700125E-15,-44.0000005960464));
#3487=CARTESIAN_POINT('',(89.5000013336539,2.99999999999999,-44.0000005960464));
#3488=CARTESIAN_POINT('Origin',(93.500001333654,-8.88178419700125E-15,-44.0000005960465));
#3489=CARTESIAN_POINT('',(93.5000013336539,-8.88178419700125E-15,-40.0000005960464));
#3490=CARTESIAN_POINT('Origin',(93.500001333654,-8.88178419700125E-15,-44.0000005960465));
#3491=CARTESIAN_POINT('',(93.5000013336539,2.99999999999999,-40.0000005960464));
#3492=CARTESIAN_POINT('',(93.5000013336539,-8.88178419700125E-15,-40.0000005960464));
#3493=CARTESIAN_POINT('Origin',(93.500001333654,2.99999999999999,-44.0000005960465));
#3494=CARTESIAN_POINT('Origin',(93.5000014677644,-8.88178419700125E-15,
-35.0000005960464));
#3495=CARTESIAN_POINT('',(98.5000014677644,-8.88178419700125E-15,-35.0000005960465));
#3496=CARTESIAN_POINT('Origin',(93.5000014677644,-8.88178419700125E-15,
-35.0000005960464));
#3497=CARTESIAN_POINT('',(98.5000014677644,2.99999999999999,-35.0000005960465));
#3498=CARTESIAN_POINT('',(98.5000014677644,-8.88178419700125E-15,-35.0000005960465));
#3499=CARTESIAN_POINT('Origin',(93.5000014677644,2.99999999999999,-35.0000005960464));
#3500=CARTESIAN_POINT('Origin',(98.5000014677644,-8.88178419700125E-15,
35.0000005960465));
#3501=CARTESIAN_POINT('',(98.5000014677644,-8.88178419700125E-15,35.0000005960465));
#3502=CARTESIAN_POINT('',(98.5000014677644,-8.88178419700125E-15,17.5000002980232));
#3503=CARTESIAN_POINT('',(98.5000014677644,2.99999999999999,35.0000005960465));
#3504=CARTESIAN_POINT('',(98.5000014677644,-8.88178419700125E-15,35.0000005960465));
#3505=CARTESIAN_POINT('',(98.5000014677644,2.99999999999999,35.0000005960465));
#3506=CARTESIAN_POINT('Origin',(93.5000014677644,-8.88178419700125E-15,
35.0000005960465));
#3507=CARTESIAN_POINT('',(93.5000014677644,-8.88178419700125E-15,40.0000005960465));
#3508=CARTESIAN_POINT('Origin',(93.5000014677644,-8.88178419700125E-15,
35.0000005960465));
#3509=CARTESIAN_POINT('',(93.5000014677644,2.99999999999999,40.0000005960465));
#3510=CARTESIAN_POINT('',(93.5000014677644,-8.88178419700125E-15,40.0000005960465));
#3511=CARTESIAN_POINT('Origin',(93.5000014677644,2.99999999999999,35.0000005960465));
#3512=CARTESIAN_POINT('Origin',(93.5000013336539,-8.88178419700125E-15,
44.0000005960465));
#3513=CARTESIAN_POINT('Origin',(93.5000013336539,-8.88178419700125E-15,
44.0000005960465));
#3514=CARTESIAN_POINT('Origin',(93.5000013336539,2.99999999999999,44.0000005960465));
#3515=CARTESIAN_POINT('Origin',(1.77635683940025E-14,2.99999999999999,-8.88178419700125E-15));
#3516=CARTESIAN_POINT('Origin',(9.86076131526265E-31,-8.88178419700125E-15,
1.31659375449367E-47));
#3517=CARTESIAN_POINT('',(-94.,-8.88178419700125E-15,-60.));
#3518=CARTESIAN_POINT('',(-100.,-8.88178419700125E-15,-54.));
#3519=CARTESIAN_POINT('Origin',(-94.,-8.88178419700125E-15,-54.));
#3520=CARTESIAN_POINT('',(94.,-8.88178419700125E-15,-60.));
#3521=CARTESIAN_POINT('',(-100.,-8.88178419700125E-15,-60.));
#3522=CARTESIAN_POINT('',(100.,-8.88178419700125E-15,-54.));
#3523=CARTESIAN_POINT('Origin',(94.,-8.88178419700125E-15,-54.));
#3524=CARTESIAN_POINT('',(100.,-8.88178419700125E-15,54.));
#3525=CARTESIAN_POINT('',(100.,-8.88178419700125E-15,-60.));
#3526=CARTESIAN_POINT('',(94.,-8.88178419700125E-15,60.));
#3527=CARTESIAN_POINT('Origin',(94.,-8.88178419700125E-15,54.));
#3528=CARTESIAN_POINT('',(-94.,-8.88178419700125E-15,60.));
#3529=CARTESIAN_POINT('',(100.,-8.88178419700125E-15,60.));
#3530=CARTESIAN_POINT('',(-100.,-8.88178419700125E-15,54.));
#3531=CARTESIAN_POINT('Origin',(-94.,-8.88178419700125E-15,54.));
#3532=CARTESIAN_POINT('',(-100.,-8.88178419700125E-15,60.));
#3533=CARTESIAN_POINT('Origin',(-94.,-8.88178419700125E-15,-54.));
#3534=CARTESIAN_POINT('',(-100.,15.,-54.));
#3535=CARTESIAN_POINT('',(-94.,15.,-60.));
#3536=CARTESIAN_POINT('Origin',(-94.,15.,-54.));
#3537=CARTESIAN_POINT('',(-94.,-8.88178419700125E-15,-60.));
#3538=CARTESIAN_POINT('',(-100.,-8.88178419700125E-15,-54.));
#3539=CARTESIAN_POINT('Origin',(100.,-8.88178419700125E-15,-60.));
#3540=CARTESIAN_POINT('',(94.,15.,-60.));
#3541=CARTESIAN_POINT('',(-100.,15.,-60.));
#3542=CARTESIAN_POINT('',(94.,-8.88178419700125E-15,-60.));
#3543=CARTESIAN_POINT('Origin',(9.86076131526265E-31,15.,1.65418189667153E-47));
#3544=CARTESIAN_POINT('',(-100.,15.,54.));
#3545=CARTESIAN_POINT('',(-100.,15.,60.));
#3546=CARTESIAN_POINT('',(-94.,15.,60.));
#3547=CARTESIAN_POINT('Origin',(-94.,15.,54.));
#3548=CARTESIAN_POINT('',(94.,15.,60.));
#3549=CARTESIAN_POINT('',(100.,15.,60.));
#3550=CARTESIAN_POINT('',(100.,15.,54.));
#3551=CARTESIAN_POINT('Origin',(94.,15.,54.));
#3552=CARTESIAN_POINT('',(100.,15.,-54.));
#3553=CARTESIAN_POINT('',(100.,15.,-60.));
#3554=CARTESIAN_POINT('Origin',(94.,15.,-54.));
#3555=CARTESIAN_POINT('Origin',(-94.,-8.88178419700125E-15,54.));
#3556=CARTESIAN_POINT('',(-100.,-8.88178419700125E-15,54.));
#3557=CARTESIAN_POINT('',(-94.,-8.88178419700125E-15,60.));
#3558=CARTESIAN_POINT('Origin',(-100.,-8.88178419700125E-15,60.));
#3559=CARTESIAN_POINT('',(94.,-8.88178419700125E-15,60.));
#3560=CARTESIAN_POINT('Origin',(94.,-8.88178419700125E-15,54.));
#3561=CARTESIAN_POINT('',(100.,-8.88178419700125E-15,54.));
#3562=CARTESIAN_POINT('Origin',(94.,-8.88178419700125E-15,-54.));
#3563=CARTESIAN_POINT('',(100.,-8.88178419700125E-15,-54.));
#3564=CARTESIAN_POINT('Origin',(100.,-8.88178419700125E-15,60.));
#3565=CARTESIAN_POINT('Origin',(-100.,-8.88178419700125E-15,-60.));
#3566=CARTESIAN_POINT('Origin',(9.86076131526265E-31,-8.88178419700125E-15,
1.31659375449367E-47));
#3567=UNCERTAINTY_MEASURE_WITH_UNIT(LENGTH_MEASURE(0.01),#3571,
'DISTANCE_ACCURACY_VALUE',
'Maximum model space distance between geometric entities at asserted c
onnectivities');
#3568=UNCERTAINTY_MEASURE_WITH_UNIT(LENGTH_MEASURE(0.01),#3571,
'DISTANCE_ACCURACY_VALUE',
'Maximum model space distance between geometric entities at asserted c
onnectivities');
#3569=(
GEOMETRIC_REPRESENTATION_CONTEXT(3)
GLOBAL_UNCERTAINTY_ASSIGNED_CONTEXT((#3567))
GLOBAL_UNIT_ASSIGNED_CONTEXT((#3571,#3573,#3574))
REPRESENTATION_CONTEXT('','3D')
);
#3570=(
GEOMETRIC_REPRESENTATION_CONTEXT(3)
GLOBAL_UNCERTAINTY_ASSIGNED_CONTEXT((#3568))
GLOBAL_UNIT_ASSIGNED_CONTEXT((#3571,#3573,#3574))
REPRESENTATION_CONTEXT('','3D')
);
#3571=(
LENGTH_UNIT()
NAMED_UNIT(*)
SI_UNIT(.MILLI.,.METRE.)
);
#3572=(
LENGTH_UNIT()
NAMED_UNIT(*)
SI_UNIT($,.METRE.)
);
#3573=(
NAMED_UNIT(*)
PLANE_ANGLE_UNIT()
SI_UNIT($,.RADIAN.)
);
#3574=(
NAMED_UNIT(*)
SI_UNIT($,.STERADIAN.)
SOLID_ANGLE_UNIT()
);
#3575=SHAPE_DEFINITION_REPRESENTATION(#3576,#3577);
#3576=PRODUCT_DEFINITION_SHAPE('',$,#3579);
#3577=SHAPE_REPRESENTATION('',(#2071),#3569);
#3578=PRODUCT_DEFINITION_CONTEXT('part definition',#3583,'design');
#3579=PRODUCT_DEFINITION('2026-07-28-01-40-03-741','Cover',#3580,#3578);
#3580=PRODUCT_DEFINITION_FORMATION('',$,#3585);
#3581=PRODUCT_RELATED_PRODUCT_CATEGORY('Cover','Cover',(#3585));
#3582=APPLICATION_PROTOCOL_DEFINITION('international standard',
'automotive_design',2009,#3583);
#3583=APPLICATION_CONTEXT(
'Core Data for Automotive Mechanical Design Process');
#3584=PRODUCT_CONTEXT('part definition',#3583,'mechanical');
#3585=PRODUCT('2026-07-28-01-40-03-741','Cover',$,(#3584));
#3586=PRESENTATION_STYLE_ASSIGNMENT((#3587));
#3587=SURFACE_STYLE_USAGE(.BOTH.,#3588);
#3588=SURFACE_SIDE_STYLE('',(#3589));
#3589=SURFACE_STYLE_FILL_AREA(#3590);
#3590=FILL_AREA_STYLE('Plastic - Matte (Gray)',(#3591));
#3591=FILL_AREA_STYLE_COLOUR('Plastic - Matte (Gray)',#3592);
#3592=COLOUR_RGB('Plastic - Matte (Gray)',0.701960784313725,0.701960784313725,
0.701960784313725);
ENDSEC;
END-ISO-10303-21;
